Protein_ID	Gene_Name
A0JLY1	Ccdc173
A1L314	Mpeg1
A2A432	Cul4b
A2A4P0	Dhx8
A2A5R2	Arfgef2
A2A5Z6	Smurf2
A2A690	Tanc2
A2A6A1	Gpatch8
A2A6Q5	Cdc27
A2A863	Itgb4
A2A8L5	Ptprf
A2A8U2	Tmem201
A2A8Z1	Osbpl9
A2A9C3	Szt2
A2AAE1	Kiaa1109
A2AAY5	Sh3pxd2b
A2AB59	Arhgap27
A2ABV5	Med14
A2AC93	Dnai2
A2ACP1	Ttc39a
A2ADA5	Pusl1
A2ADY9	Ddi2
A2AF47	Dock11
A2AFS3	Kiaa1324
A2AGH6	Med12
A2AGT5	Ckap5
A2AI08	Tprn
A2AIG8	Accs
A2AIV2	Kiaa1429
A2AJ15	Man1b1
A2AJ88	Pnpla7
A2AJI0	Map7d1
A2AJL3	Fggy
A2AJQ3	Dpy19l4
A2AKB4	Frmpd1
A2AKG8	Focad
A2AKX3	Setx
A2ALK8	Ptpn3
A2ALS5	Rap1gap
A2ALU4	Shroom2
A2ALW5	Dnajc25
A2AMZ4	
A2AN08	Ubr4
A2APV2	Fmnl2
A2APY7	Ndufaf5
A2AQ07	Tubb1
A2AQ19	Rtf1
A2AQ25	Skt
A2AR02	Ppig
A2ARA8	Itga8
A2ARS0	Ankrd63
A2ARV4	Lrp2
A2ASQ1	Agrn
A2ASS6	Ttn
A2AVA0	Svep1
A2AVZ9	Slc43a3
A2AWA9	Rabgap1
A2AWP8	Arhgef10l
A2AX52	Col6a4
A2BDX3	Mocs3
A2BE28	Las1l
A2BH40	Arid1a
A2BIM8	Mup9
A2CG49	Kalrn
A2RSJ4	Uhrf1bp1l
A2RSQ0	Dennd5b
A2RSY1	Kansl3
A2RSY6	Trmt1l
A2RT67	Dennd3
A3KGB4	Tbc1d8b
A3KGF7	Plcb2
A3KGF9	
A3KGS3	Ralgapa2
A3KMP2	Ttc38
A6H5X4	Phf11
A6H5Y3	Mtr
A6H5Z3	Exoc6b
A6H611	Mipep
A6H619	Phrf1
A6H630	
A6H6A9	Rabgap1l
A6H6E2	Mmrn2
A6H8H2	Dennd4c
A6X8Z5	Arhgap31
A6X919	Dpy19l1
A6X935	Itih4
A8C756	Thada
A8Y5H7	Sec14l1
B1AR13	Cisd3
B1AUE5	Pex10
B1AVD1	Xpnpep2
B1AVH7	Tbc1d2
B1AVY7	Kif16b
B1AVZ0	Uprt
B1AX39	Zcchc7
B1AXP6	Tomm5
B1AY13	Usp24
B1AZA5	Tmem245
B1AZI6	Thoc2
B1AZP2	Dlgap4
B2RPV6	Mmrn1
B2RQC6	Cad
B2RQE8	Arhgap42
B2RR83	Ythdc2
B2RRE7	Otud4
B2RRF6	Znf518a
B2RSH2	Gnai1
B2RU80	Ptprb
B2RUJ5	Apba1
B2RUP2	Unc13d
B2RUR8	Otud7b
B2RVL6	Zcchc24
B2RW38	Ccdc147
B2RWS6	Ep300
B2RX12	Abcc3
B2RXC1	Trappc11
B2RXR6	Ankrd44
B2RXS4	Plxnb2
B2RY04	Dock5
B2RY50	Armc4
B2RY56	Rbm25
B7ZMP1	Xpnpep3
B8JK39	Itga9
B8ZXI1	Qtrtd1
B9EJ80	Pdzd8
B9EJ86	Osbpl8
B9EJR8	Heatr2
B9EKI3	Tmf1
C0HK80	
C0HKD9	
C0HKG6	
D0QMC3	Mndal
D3YVF0	Akap5
D3YXG0	Hmcn1
D3YXK2	Safb
D3YZP9	Ccdc6
D3Z2R5	Sepn1
D3Z4S3	Ptrhd1
D3Z6Q9	Bin2
D3Z7P3	Gls
E1U8D0	Soga1
E2JF22	Piezo1
E9PV24	Fga
E9PVA8	Gcn1l1
E9PVB5	Ttc17
E9PY46	Ift140
E9PYY5	Wdr78
E9PZJ8	Ascc3
E9PZM4	Chd2
E9Q1P8	Irf2bp2
E9Q394	Akap13
E9Q3C1	C2cd2
E9Q3L2	Pi4ka
E9Q401	Ryr2
E9Q414	Apob
E9Q4F7	Ankrd11
E9Q4N7	Arid1b
E9Q4S1	Pde8b
E9Q555	Rnf213
E9Q557	Dsp
E9Q5C9	Nolc1
E9Q5F9	Setd2
E9Q5K9	Ythdc1
E9Q612	Ptpro
E9Q634	Myo1e
E9Q6J5	Bod1l
E9Q6P5	Ttc7b
E9Q735	Ube4a
E9Q743	Wdr66
E9Q7D5	Arhgef5
E9Q7E2	Arid2
E9Q7G0	Numa1
E9Q7X6	Heg1
E9Q8D0	Dnajc21
E9Q8I9	Fry
E9Q9D5	Rabl2
E9Q9R9	Dlg5
E9QAM5	Helz2
F6ZDS4	Tpr
F7BWT7	Tspan15
F8VPU2	Farp1
F8VQB6	Myo10
G3X982	Aox3
G3X9C2	Nccrp1
G3X9J0	Sipa1l3
G3X9K3	Arfgef1
G5E829	Atp2b1
G5E870	Trip12
G5E8K5	Ank3
G5E8Q8	Gpr116
O08528	Hk2
O08529	Capn2
O08530	S1pr1
O08532	Cacna2d1
O08538	Angpt1
O08539	Bin1
O08547	Sec22b
O08553	Dpysl2
O08573	Lgals9
O08579	Emd
O08582	Gtpbp1
O08583	Alyref
O08585	Clta
O08586	Pten
O08599	Stxbp1
O08600	Endog
O08601	Mttp
O08605	Mknk1
O08638	Myh11
O08648	Map3k4
O08663	Metap2
O08664	Bcl7c
O08677	Kng1
O08688	Capn5
O08691	Arg2
O08692	Ngp
O08709	Prdx6
O08734	Bak1
O08736	Casp12
O08738	Casp6
O08739	Ampd3
O08740	Polr2j
O08742	Gp5
O08749	Dld
O08756	Hsd17b10
O08759	Ube3a
O08784	Tcof1
O08786	Cckar
O08788	Dctn1
O08795	Prkcsh
O08796	Eef2k
O08800	Serpinb8
O08807	Prdx4
O08808	Diaph1
O08810	Eftud2
O08811	Ercc2
O08832	Galnt4
O08848	Trove2
O08852	Pkd1
O08856	Ell
O08900	Ikzf3
O08911	Mapk12
O08912	Galnt1
O08914	Faah
O08915	Aip
O08917	Flot1
O08919	Numbl
O08967	Cyth3
O08970	Tuft1
O08989	Mras
O08992	Sdcbp
O08997	Atox1
O08999	Ltbp2
O09005	Degs1
O09012	Pex5
O09030	Il13ra1
O09043	Napsa
O09044	Snap23
O09046	Il4i1
O09049	Reg3g
O09061	Psmb1
O09106	Hdac1
O09110	Map2k3
O09111	Ndufb11
O09117	Sypl1
O09118	Ntn1
O09126	Sema4d
O09131	Gsto1
O09159	Man2b1
O09161	Casq2
O09164	Sod3
O09167	Rpl21
O09172	Gclm
O09174	Amacr
O35071	Kif1c
O35074	Ptgis
O35075	Dscr3
O35083	Agpat1
O35099	Map3k5
O35114	Scarb2
O35127	Grcc10
O35129	Phb2
O35130	Emg1
O35143	Atpif1
O35144	Terf2
O35153	Bet1l
O35161	Celsr1
O35166	Gosr2
O35206	Col15a1
O35215	Ddt
O35218	Cpsf2
O35226	Psmd4
O35231	Kifc3
O35239	Ptpn9
O35245	Pkd2
O35250	Exoc7
O35280	Chek1
O35286	Dhx15
O35295	Purb
O35309	Nmi
O35316	Slc6a6
O35326	Srsf5
O35343	Kpna4
O35344	Kpna3
O35345	Kpna6
O35350	Capn1
O35368	Ifi203
O35375	Nrp2
O35379	Abcc1
O35381	Anp32a
O35382	Exoc4
O35386	Phyh
O35387	Hax1
O35405	Pld3
O35427	Crcp
O35435	Dhodh
O35448	Ppt2
O35459	Ech1
O35465	Fkbp8
O35488	Slc27a2
O35492	Clk3
O35495	Cdk14
O35551	Rabep1
O35566	Cd151
O35593	Psmd14
O35594	Ift81
O35598	Adam10
O35601	Fyb
O35604	Npc1
O35607	Bmpr2
O35608	Angpt2
O35609	Scamp3
O35613	Daxx
O35615	Zfpm1
O35621	Pmm1
O35632	Hyal2
O35638	Stag2
O35639	Anxa3
O35640	Anxa8
O35643	Ap1b1
O35648	Cetn3
O35654	Pold2
O35658	C1qbp
O35664	Ifnar2
O35678	Mgll
O35680	Mrps12
O35682	Myadm
O35683	Ndufa1
O35685	Nudc
O35691	Pnn
O35704	Sptlc1
O35711	Ppfibp2
O35723	Dnajb3
O35730	Ring1
O35732	Cflar
O35737	Hnrnph1
O35739	Klf9
O35744	Chil3
O35841	Api5
O35855	Bcat2
O35857	Timm44
O35864	Cops5
O35874	Slc1a4
O35887	Calu
O35892	Sp100
O35900	Lsm2
O35929	Rem1
O35930	Gp1ba
O35943	Fxn
O35945	Aldh1a7
O35954	Pitpnm1
O35955	Psmb10
O35963	Rab33b
O35969	Gamt
O35972	Mrpl23
O35988	Sdc4
O54692	Zw10
O54724	Ptrf
O54734	Ddost
O54754	Aox1
O54774	Ap3d1
O54781	Srpk2
O54782	Man2b2
O54784	Dapk3
O54785	Limk2
O54786	Dffa
O54790	Mafg
O54824	Il16
O54825	Bysl
O54833	Csnk2a2
O54834	Arhgap6
O54865	Gucy1b3
O54879	Hmgb3
O54890	Itgb3
O54901	Cd200
O54907	Tnfsf12
O54910	Nfkbie
O54916	Reps1
O54931	Akap2
O54940	Bnip2
O54941	Smarce1
O54942	Cldn5
O54946	Dnajb6
O54950	Prkag1
O54983	Crym
O54984	Asna1
O54988	Slk
O54990	Prom1
O54992	Mapkapk5
O55013	Trappc3
O55022	Pgrmc1
O55023	Impa1
O55026	Entpd2
O55028	Bckdk
O55029	Copb2
O55033	Nck2
O55042	Snca
O55060	Tpmt
O55091	Impact
O55098	Stk10
O55100	Syngr1
O55102	Bloc1s1
O55103	Prx
O55106	Strn
O55111	Dsg2
O55125	Nipsnap1
O55126	Gbas
O55128	Sap18
O55131	Sept7
O55134	Pcdh12
O55135	Eif6
O55137	Acot1
O55142	Rpl35a
O55143	Atp2a2
O55176	Pja1
O55192	Slc6a2
O55201	Supt5h
O55222	Ilk
O55229	Chkb
O55234	Psmb5
O55236	Rngtt
O55239	Nnmt
O55242	Sigmar1
O70133	Dhx9
O70138	Mmp8
O70145	Ncf2
O70152	Dpm1
O70161	Pip5k1c
O70172	Pip4k2a
O70194	Eif3d
O70200	Aif1
O70209	Pdlim3
O70228	Atp9a
O70230	Znf143
O70250	Pgam2
O70251	Eef1b
O70252	Hmox2
O70258	Sgce
O70274	Ptp4a2
O70293	Grk6
O70305	Atxn2
O70309	Itgb5
O70310	Nmt1
O70311	Nmt2
O70318	Epb41l2
O70325	Gpx4
O70362	Gpld1
O70370	Ctss
O70378	Emc8
O70400	Pdlim1
O70404	Vamp8
O70421	Fzd1
O70423	Aoc3
O70433	Fhl2
O70435	Psma3
O70439	Stx7
O70443	Gnaz
O70451	Slc16a7
O70456	Sfn
O70458	Osmr
O70468	Mybpc3
O70475	Ugdh
O70481	Ubr1
O70492	Snx3
O70493	Snx12
O70494	Sp3
O70496	Clcn7
O70503	Hsd17b12
O70546	Kdm6a
O70551	Srpk1
O70566	Diaph2
O70570	Pigr
O70572	Smpd2
O70585	Dtnb
O70589	Cask
O70591	Pfdn2
O70622	Rtn2
O88186	Gp9
O88200	Clec11a
O88207	Col5a1
O88271	Cfdp1
O88286	Wiz
O88291	Znf326
O88307	Sorl1
O88312	Agr2
O88322	Nid2
O88327	Ctnnal1
O88342	Wdr1
O88343	Slc4a4
O88351	Ikbkb
O88379	Baz1a
O88384	Vti1b
O88393	Tgfbr3
O88396	Grpel2
O88427	Cacna1h
O88428	Papss2
O88441	Mtx2
O88447	Klc1
O88448	Klc2
O88454	Kcnk4
O88455	Dhcr7
O88456	Capns1
O88487	Dync1i2
O88492	Plin4
O88502	Pde8a
O88512	Ap1g2
O88520	Shoc2
O88522	Ikbkg
O88531	Ppt1
O88532	Zfr
O88536	Fpr2
O88543	Cops3
O88544	Cops4
O88545	Cops6
O88559	Men1
O88561	Slc27a3
O88569	Hnrnpa2b1
O88572	Lrp6
O88587	Comt
O88593	Pglyrp1
O88597	Becn1
O88627	Slc28a2
O88630	Gosr1
O88643	Pak1
O88653	Lamtor3
O88665	Brd7
O88667	Rrad
O88673	Dgka
O88685	Psmc3
O88696	Clpp
O88697	Stk16
O88712	Ctbp1
O88735	Map7
O88736	Hsd17b7
O88738	Birc6
O88746	Tom1
O88783	F5
O88792	F11r
O88796	Rpp30
O88799	Zan
O88811	Stam2
O88822	Sc5d
O88838	Spsb2
O88839	Adam15
O88843	Cradd
O88844	Idh1
O88845	Akap10
O88848	Arl6
O88851	Rbbp9
O88852	Tspyl1
O88856	Tpst2
O88874	Ccnk
O88876	Dhrs3
O88879	Apaf1
O88895	Hdac3
O88939	Zbtb7a
O88942	Nfatc1
O88947	F10
O88952	Lin7c
O88958	Gnpda1
O88967	Yme1l1
O88968	Tcn2
O88974	Setdb1
O88983	Stx8
O88986	Gcat
O89001	Cpd
O89013	Leprot
O89017	Lgmn
O89020	Afm
O89023	Tpp1
O89026	Robo1
O89029	Matn4
O89032	Sh3pxd2a
O89050	Mkln1
O89051	Itm2b
O89053	Coro1a
O89079	Cope
O89086	Rbm3
O89090	Sp1
O89100	Grap2
O89103	Cd93
O89110	Casp8
O89112	Lancl1
O89116	Vti1a
P00184	Cyp1a1
P00329	Adh1
P00375	Dhfr
P00397	Mtco1
P00405	Mtco2
P00493	Hprt1
P00520	Abl1
P00848	Mtatp6
P00920	Ca2
P01027	C3
P01029	C4b
P01592	Igj
P01631	
P01633	Igk-V19-17
P01635	
P01636	
P01638	
P01639	Gm5571
P01646	
P01660	
P01669	
P01670	
P01674	
P01680	
P01747	
P01749	Ighv1-61
P01750	
P01801	
P01804	
P01806	
P01820	
P01831	Thy1
P01837	
P01843	
P01845	Iglc3
P01864	
P01867	Igh-3
P01868	Ighg1
P01872	Ighm
P01878	
P01887	B2m
P01898	H2-Q10
P01899	H2-D1
P01901	H2-K1
P01902	H2-K1
P01942	Hba
P02088	Hbb-b1
P02463	Col4a1
P02468	Lamc1
P02469	Lamb1
P02802	Mt1
P03888	Mtnd1
P03899	Mtnd3
P03903	Mtnd4l
P03911	Mtnd4
P03930	Mtatp8
P03953	Cfd
P03958	Ada
P03975	Iap
P03976	
P03987	
P04071	Klk1b16
P04117	Fabp4
P04186	Cfb
P04202	Tgfb1
P04230	H2-Eb1
P04247	Mb
P04441	Cd74
P04627	Araf
P04918	Saa3
P04919	Slc4a1
P04925	Prnp
P05063	Aldoc
P05064	Aldoa
P05132	Prkaca
P05201	Got1
P05202	Got2
P05213	Tuba1b
P05367	Saa2
P05480	Src
P05532	Kit
P05555	Itgam
P05622	Pdgfrb
P05977	Myl1
P06151	Ldha
P06240	Lck
P06327	Gm5629
P06330	
P06339	H2-T23
P06537	Nr3c1
P06683	C9
P06684	C5
P06728	Apoa4
P06745	Gpi
P06795	Abcb1b
P06797	Ctsl
P06800	Ptprc
P06801	Me1
P06802	Enpp1
P06837	Gap43
P06869	Plau
P06909	Cfh
P07091	S100a4
P07214	Sparc
P07309	Ttr
P07310	Ckm
P07356	Anxa2
P07628	Klk1b8
P07724	Alb
P07742	Rrm1
P07758	Serpina1a
P07759	Serpina3k
P07901	Hsp90aa1
P07903	Ercc1
P08003	Pdia4
P08030	Aprt
P08032	Spta1
P08071	Ltf
P08074	Cbr2
P08101	Fcgr2
P08103	Hck
P08113	Hsp90b1
P08121	Col3a1
P08122	Col4a2
P08207	S100a10
P08226	Apoe
P08228	Sod1
P08249	Mdh2
P08556	Nras
P08607	C4bpa
P08752	Gnai2
P08775	Polr2a
P08905	Lyz2
P09055	Itgb1
P09103	P4hb
P09242	Alpl
P09405	Ncl
P09411	Pgk1
P09470	Ace
P09528	Fth1
P09541	Myl4
P09542	Myl3
P09581	Csf1r
P09602	Hmgn2
P09671	Sod2
P09803	Cdh1
P09813	Apoa2
P09925	Surf1
P09926	Surf2
P0C0A3	Chmp6
P0C605	Prkg1
P0C6F1	Dnah2
P0C7L0	Wipf3
P0C7N9	Psmg4
P0C7W3	Tor2a
P0C872	Jmjd7
P0CW02	Ly6c1
P0CW03	Ly6c2
P0DN34	
P0DN91	
P0DOV1	
P0DOV2	
P0DP28	
P10078	Zfp28
P10107	Anxa1
P10126	Eef1a1
P10404	Fv4
P10493	Nid1
P10518	Alad
P10605	Ctsb
P10630	Eif4a2
P10637	Mapt
P10639	Txn
P10649	Gstm1
P10711	Tcea1
P10810	Cd14
P10833	Rras
P10852	Slc3a2
P10922	H1f0
P11031	Sub1
P11032	Gzma
P11087	Col1a1
P11103	Parp1
P11152	Lpl
P11214	Plat
P11247	Mpo
P11276	Fn1
P11352	Gpx1
P11404	Fabp3
P11438	Lamp1
P11440	Cdk1
P11499	Hsp90ab1
P11531	Dmd
P11589	Mup2
P11610	Cd1d2
P11627	L1cam
P11672	Lcn2
P11688	Itga5
P11835	Itgb2
P11859	Agt
P11881	Itpr1
P11911	Cd79a
P11928	Oas1a
P11930	Nudt19
P11983	Tcp1
P12023	App
P12246	Apcs
P12265	Gusb
P12367	Prkar2a
P12382	Pfkl
P12399	Ctla2a
P12400	Ctla2b
P12710	Fabp1
P12787	Cox5a
P12791	Cyp2b10
P12813	Nr4a1
P12815	Pdcd6
P12849	Prkar1b
P12970	Rpl7a
P13020	Gsn
P13379	Cd5
P13405	Rb1
P13439	Umps
P13504	Il1r1
P13595	Ncam1
P13597	Icam1
P13634	Ca1
P13707	Gpd1
P13745	Gsta1
P13808	Slc4a2
P13864	Dnmt1
P14069	S100a6
P14094	Atp1b1
P14115	Rpl27a
P14131	Rps16
P14148	Rpl7
P14152	Mdh1
P14206	Rpsa
P14211	Calr
P14234	Fgr
P14404	Mecom
P14429	H2-Q7
P14430	H2-Q8
P14438	H2-Aa
P14483	H2-Ab1
P14576	Srp54
P14602	Hspb1
P14685	Psmd3
P14733	Lmnb1
P14824	Anxa6
P14847	Crp
P14869	Rplp0
P14873	Map1b
P14901	Hmox1
P15105	Glul
P15208	Insr
P15209	Ntrk2
P15261	Ifngr1
P15306	Thbd
P15307	Rel
P15327	Bpgm
P15331	Prph
P15375	Myf6
P15379	Cd44
P15508	Sptb
P15530	Cd79b
P15532	Nme1
P15533	Trim30a
P15626	Gstm2
P15864	Hist1h1c
P15920	Atp6v0a2
P15945	Klk1b5
P15946	Klk1b11
P15949	Klk1b9
P16015	Ca3
P16045	Lgals1
P16054	Prkce
P16056	Met
P16092	Fgfr1
P16110	Lgals3
P16125	Ldhb
P16254	Srp14
P16294	F9
P16330	Cnp
P16332	Mut
P16406	Enpep
P16460	Ass1
P16546	Sptan1
P16675	Ctsa
P16858	Gapdh
P16879	Fes
P17012	Zfx
P17047	Lamp2
P17141	Zfp37
P17156	Hspa2
P17182	Eno1
P17225	Ptbp1
P17426	Ap2a1
P17427	Ap2a2
P17439	Gba
P17563	Selenbp1
P17665	Cox7c
P17710	Hk1
P17742	Ppia
P17751	Tpi1
P17809	Slc2a1
P17897	Lyz1
P17918	Pcna
P18052	Ptpra
P18181	Cd48
P18242	Ctsd
P18293	Npr1
P18406	Cyr61
P18527	
P18531	Ighv3-6
P18572	Bsg
P18653	Rps6ka1
P18654	Rps6ka3
P18760	Cfl1
P18762	Adrb2
P18826	Phka1
P18828	Sdc1
P18872	Gnao1
P19096	Fasn
P19123	Tnnc1
P19157	Gstp1
P19221	F2
P19253	Rpl13a
P19258	Mpv17
P19324	Serpinh1
P19426	Nelfe
P19437	Ms4a1
P19536	Cox5b
P19783	Cox4i1
P19788	Mgp
P19973	Lsp1
P20029	Hspa5
P20060	Hexb
P20108	Prdx3
P20152	Vim
P20352	F3
P20357	Map2
P20444	Prkca
P20491	Fcer1g
P20722	Bmp6
P20852	Cyp2a5
P20918	Plg
P21107	Tpm3
P21126	Ubl4a
P21180	C2
P21271	Myo5b
P21278	Gna11
P21279	Gnaq
P21300	Akr1b7
P21447	Abcb1a
P21460	Cst3
P21550	Eno3
P21570	Ang
P21614	Gc
P21619	Lmnb2
P21803	Fgfr2
P21841	Sftpc
P21956	Mfge8
P21958	Tap1
P21981	Tgm2
P21995	Emb
P22315	Fech
P22366	Myd88
P22437	Ptgs1
P22599	Serpina1b
P22682	Cbl
P22892	Ap1g1
P22907	Hmbs
P23116	Eif3a
P23198	Cbx3
P23242	Gja1
P23249	Mov10
P23298	Prkch
P23475	Xrcc6
P23492	Pnp
P23506	Pcmt1
P23591	Tsta3
P23611	Irf8
P23708	Nfya
P23780	Glb1
P23927	Cryab
P23950	Zfp36l1
P23953	Ces1c
P24063	Itgal
P24270	Cat
P24369	Ppib
P24452	Capg
P24472	Gsta4
P24527	Lta4h
P24547	Impdh2
P24549	Aldh1a1
P24638	Acp2
P24668	M6pr
P24788	Cdk11b
P25085	Il1rn
P25118	Tnfrsf1a
P25206	Mcm3
P25322	Ccnd1
P25425	Pou2f1
P25444	Rps2
P25446	Fas
P25785	Timp2
P25799	Nfkb1
P25911	Lyn
P25976	Ubtf
P26011	Itgb7
P26039	Tln1
P26040	Ezr
P26041	Msn
P26043	Rdx
P26231	Ctnna1
P26262	Klkb1
P26369	U2af2
P26443	Glud1
P26450	Pik3r1
P26516	Psmd7
P26618	Pdgfra
P26638	Sars
P26645	Marcks
P26883	Fkbp1a
P26928	Mst1
P26952	Il3ra
P27005	S100a8
P27046	Man2a1
P27048	Snrpb
P27090	Tgfb2
P27512	Cd40
P27546	Map4
P27573	Mpz
P27600	Gna12
P27601	Gna13
P27612	Plaa
P27641	Xrcc5
P27659	Rpl3
P27661	H2afx
P27773	Pdia3
P27784	Ccl6
P27808	Mgat1
P27870	Vav1
P28028	Braf
P28033	Cebpb
P28063	Psmb8
P28076	Psmb9
P28078	H2-DMa
P28271	Aco1
P28293	Ctsg
P28301	Lox
P28352	Apex1
P28474	Adh5
P28574	Max
P28650	Adssl1
P28651	Ca8
P28653	Bgn
P28654	Dcn
P28656	Nap1l1
P28658	Atxn10
P28659	Celf1
P28660	Nckap1
P28661	Sept4
P28665	Mug1
P28700	Rxra
P28740	Kif2a
P28741	Kif3a
P28776	Ido1
P28798	Grn
P28828	Ptprm
P28843	Dpp4
P28862	Mmp3
P28867	Prkcd
P29268	Ctgf
P29341	Pabpc1
P29351	Ptpn6
P29387	Gnb4
P29391	Ftl1
P29416	Hexa
P29452	Casp1
P29533	Vcam1
P29595	Nedd8
P29699	Ahsg
P29758	Oat
P29788	Vtn
P30051	Tead1
P30115	Gsta3
P30275	Ckmt1
P30285	Cdk4
P30355	Alox5ap
P30412	Ppic
P30416	Fkbp4
P30677	Gna14
P30681	Hmgb2
P30933	Svs5
P30993	C5ar1
P30999	Ctnnd1
P31001	Des
P31230	Aimp1
P31266	Rbpj
P31324	Prkar2b
P31428	Dpep1
P31532	Saa4
P31695	Notch4
P31725	S100a9
P31750	Akt1
P31786	Dbi
P31809	Ceacam1
P31938	Map2k1
P31996	Cd68
P32020	Scp2
P32037	Slc2a3
P32067	Ssb
P32233	Drg1
P32261	Serpinc1
P32507	Pvrl2
P32848	Pvalb
P32883	Kras
P32921	Wars
P33215	Nedd1
P33267	Cyp2f2
P33434	Mmp2
P33610	Prim2
P33622	Apoc3
P33766	Fpr1
P34022	Ranbp1
P34884	Mif
P34914	Ephx2
P34928	Apoc1
P34960	Mmp12
P35123	Usp4
P35174	Stfa2
P35175	Stfa1
P35235	Ptpn11
P35242	Sftpa1
P35276	Rab3d
P35278	Rab5c
P35279	Rab6a
P35282	Rab21
P35283	Rab12
P35285	Rab22a
P35288	Rab23
P35290	Rab24
P35293	Rab18
P35294	Rab19
P35329	Cd22
P35330	Icam2
P35385	Hspb7
P35441	Thbs1
P35456	Plaur
P35459	Ly6d
P35486	Pdha1
P35505	Fah
P35550	Fbl
P35564	Canx
P35585	Ap1m1
P35700	Prdx1
P35737	H2-DMb1
P35762	Cd81
P35802	Gpm6a
P35821	Ptpn1
P35822	Ptprk
P35831	Ptpn12
P35917	Flt4
P35918	Kdr
P35922	Fmr1
P35951	Ldlr
P35969	Flt1
P35979	Rpl12
P35980	Rpl18
P35991	Btk
P36369	Klk1b26
P36371	Tap2
P36423	Tbxas1
P36536	Sar1a
P36552	Cpox
P36895	Bmpr1a
P36916	Gnl1
P36993	Ppm1b
P37040	Por
P37804	Tagln
P37889	Fbln2
P37913	Lig1
P38060	Hmgcl
P38532	Hsf1
P38585	Ttl
P38647	Hspa9
P39039	Mbl1
P39053	Dnm1
P39054	Dnm2
P39061	Col18a1
P39098	Man1a2
P39429	Traf2
P39447	Tjp1
P39654	Alox15
P39655	Alox12
P39688	Fyn
P39749	Fen1
P39876	Timp3
P40124	Cap1
P40142	Tkt
P40224	Cxcl12
P40237	Cd82
P40240	Cd9
P40336	Vps26a
P40936	Inmt
P41105	Rpl28
P41216	Acsl1
P41233	Abca1
P41234	Abca2
P41241	Csk
P41245	Mmp9
P41588	Vipr2
P41731	Cd63
P41778	Pbx1
P41971	Elk3
P42125	Eci1
P42128	Foxk1
P42208	Sept2
P42225	Stat1
P42227	Stat3
P42228	Stat4
P42230	Stat5a
P42232	Stat5b
P42337	Pik3ca
P42567	Eps15
P42669	Pura
P42703	Lifr
P42859	Htt
P42867	Dpagt1
P42932	Cct8
P43023	Cox6a2
P43024	Cox6a1
P43025	Clec3b
P43135	Nr2f2
P43136	Nr2f6
P43247	Msh2
P43274	Hist1h1e
P43275	Hist1h1a
P43276	Hist1h1b
P43406	Itgav
P43883	Plin2
P45376	Akr1b1
P45377	Akr1b8
P45481	Crebbp
P45591	Cfl2
P45700	Man1a1
P45878	Fkbp2
P45952	Acadm
P46061	Rangap1
P46062	Sipa1
P46412	Gpx3
P46414	Cdkn1b
P46460	Nsf
P46467	Vps4b
P46471	Psmc2
P46638	Rab11b
P46656	Fdx1
P46662	Nf2
P46664	Adss
P46735	Myo1b
P46737	Brcc3
P46935	Nedd4
P46938	Yap1
P46978	Stt3a
P47199	Cryz
P47226	Tes
P47713	Pla2g4a
P47738	Aldh2
P47739	Aldh3a1
P47740	Aldh3a2
P47753	Capza1
P47754	Capza2
P47757	Capzb
P47758	Srprb
P47791	Gsr
P47802	Mtx1
P47809	Map2k4
P47811	Mapk14
P47856	Gfpt1
P47857	Pfkm
P47876	Igfbp1
P47877	Igfbp2
P47879	Igfbp4
P47911	Rpl6
P47915	Rpl29
P47934	Crat
P47941	Crkl
P47955	Rplp1
P47962	Rpl5
P47963	Rpl13
P47964	Rpl36
P47968	Rpia
P48024	Eif1
P48025	Syk
P48030	Tgfa
P48036	Anxa5
P48193	Epb41
P48302	Ednrb
P48410	Abcd1
P48428	Tbca
P48441	Idua
P48453	Ppp3cb
P48678	Lmna
P48722	Hspa4l
P48725	Pcnt
P48758	Cbr1
P48759	Ptx3
P48771	Cox7a2
P48774	Gstm5
P48787	Tnni3
P48962	Slc25a4
P48999	Alox5
P49070	Camlg
P49117	Nr2c2
P49135	Ercc3
P49138	Mapkapk2
P49182	Serpind1
P49222	Epb42
P49290	Epx
P49300	Clec10a
P49312	Hnrnpa1
P49442	Inpp1
P49443	Ppm1a
P49446	Ptpre
P49586	Pcyt1a
P49615	Cdk5
P49710	Hcls1
P49717	Mcm4
P49722	Psma2
P49769	Psen1
P49813	Tmod1
P49817	Cav1
P49935	Ctsh
P49962	Srp9
P50096	Impdh1
P50136	Bckdha
P50171	Hsd17b8
P50172	Hsd11b1
P50220	Nkx2-1
P50247	Ahcy
P50285	Fmo1
P50295	Nat2
P50396	Gdi1
P50404	Sftpd
P50405	Sftpb
P50427	Sts
P50428	Arsa
P50429	Arsb
P50431	Shmt1
P50462	Csrp3
P50516	Atp6v1a
P50518	Atp6v1e1
P50543	S100a11
P50544	Acadvl
P50580	Pa2g4
P50592	Tnfsf10
P50608	Fmod
P50637	Tspo
P50752	Tnnt2
P51125	Cast
P51150	Rab7a
P51174	Acadl
P51175	Ppox
P51410	Rpl9
P51432	Plcb3
P51437	Camp
P51448	Rora
P51569	Gla
P51612	Xpc
P51637	Cav3
P51655	Gpc4
P51660	Hsd17b4
P51675	Ccr1
P51791	Clcn3
P51807	Dynlt1
P51830	Adcy9
P51855	Gss
P51859	Hdgf
P51863	Atp6v0d1
P51881	Slc25a5
P51885	Lum
P51906	Slc1a1
P51910	Apod
P51912	Slc1a5
P51949	Mnat1
P51954	Nek1
P52019	Sqle
P52196	Tst
P52293	Kpna2
P52332	Jak1
P52430	Pon1
P52431	Pold1
P52479	Usp10
P52480	Pkm
P52503	Ndufs6
P52592	S1pr2
P52623	Uck1
P52624	Upp1
P52633	Stat6
P52760	Hrsp12
P52793	Efna1
P52795	Efnb1
P52800	Efnb2
P52825	Cpt2
P52840	Sult1a1
P52875	Tmem165
P52912	Tia1
P53026	Rpl10a
P53395	Dbt
P53564	Cux1
P53612	Rabggtb
P53702	Hccs
P53762	Arnt
P53798	Fdft1
P53808	Pctp
P53810	Pitpna
P53811	Pitpnb
P53986	Slc16a1
P53994	Rab2a
P53995	Anapc1
P53996	Cnbp
P54071	Idh2
P54103	Dnajc2
P54116	Stom
P54227	Stmn1
P54276	Msh6
P54310	Lipe
P54320	Eln
P54726	Rad23a
P54728	Rad23b
P54729	Nub1
P54731	Faf1
P54751	St3gal1
P54754	Ephb3
P54761	Ephb4
P54763	Ephb2
P54775	Psmc4
P54818	Galc
P54822	Adsl
P54823	Ddx6
P54869	Hmgcs2
P54923	Adprh
P54987	Irg1
P55002	Mfap2
P55012	Slc12a2
P55065	Pltp
P55086	F2rl1
P55088	Aqp4
P55096	Abcd3
P55097	Ctsk
P55194	Sh3bp1
P55258	Rab8a
P55264	Adk
P55271	Cdkn2b
P55284	Cdh5
P55288	Cdh11
P55302	Lrpap1
P55772	Entpd1
P55821	Stmn2
P55937	Golga3
P56135	Atp5j2
P56183	Rrp1
P56212	Arpp19
P56213	Gfer
P56375	Acyp2
P56376	Acyp1
P56380	Nudt2
P56382	Atp5e
P56387	Dynlt3
P56389	Cda
P56391	Cox6b1
P56392	Cox7a1
P56393	Cox7b
P56395	Cyb5a
P56399	Usp5
P56477	Irf5
P56480	Atp5b
P56485	Ackr3
P56528	Cd38
P56542	Dnase2
P56546	Ctbp2
P56564	Slc1a3
P56565	S100a1
P56671	Maz
P56677	St14
P56695	Wfs1
P56716	Rp1
P56812	Pdcd5
P56857	Cldn18
P56873	Sssca1
P56959	Fus
P56960	Exosc10
P57080	Usp25
P57680	Evc
P57716	Ncstn
P57722	Pcbp3
P57746	Atp6v1d
P57759	Erp29
P57776	Eef1d
P57780	Actn4
P57784	Snrpa1
P57787	Slc16a3
P57791	Rce1
P58021	Tm9sf2
P58044	Idi1
P58058	Nadk
P58059	Mrps21
P58064	Mrps6
P58137	Acot8
P58158	B3gat3
P58196	Plscr4
P58242	Smpdl3b
P58252	Eef2
P58281	Opa1
P58389	Ppp2r4
P58404	Strn4
P58465	Ctdspl
P58501	Paxbp1
P58660	Card10
P58681	Tlr7
P58742	Aaas
P58771	Tpm1
P58801	Ripk2
P58802	Tbc1d10a
P58854	Tubgcp3
P58871	Tnks1bp1
P59016	Vps33b
P59017	Bcl2l13
P59108	Cpne2
P59114	Pcif1
P59222	Scarf2
P59235	Nup43
P59242	Cgn
P59266	Fitm2
P59268	Zdhhc9
P59279	Rab2b
P59325	Eif5
P59326	Ythdf1
P59383	Lrrn4
P59438	Hps5
P59481	Lman2l
P59672	Anks1a
P59708	Sf3b6
P59729	Rin3
P59759	Mkl2
P59764	Dock4
P59808	Sash1
P59913	Pcmtd1
P59941	Sirt6
P59997	Kdm2a
P59999	Arpc4
P60003	Elof1
P60122	Ruvbl1
P60229	Eif3e
P60334	Cdo1
P60335	Pcbp1
P60521	Gabarapl2
P60603	Romo1
P60605	Ube2g2
P60670	Nploc4
P60710	Actb
P60762	Morf4l1
P60764	Rac3
P60766	Cdc42
P60824	Cirbp
P60843	Eif4a1
P60867	Rps20
P60904	Dnajc5
P61014	Pln
P61021	Rab5b
P61022	Chp1
P61025	Cks1b
P61027	Rab10
P61028	Rab8b
P61080	Ube2d1
P61082	Ube2m
P61087	Ube2k
P61089	Ube2n
P61148	Fgf1
P61161	Actr2
P61164	Actr1a
P61202	Cops2
P61211	Arl1
P61222	Abce1
P61226	Rap2b
P61255	Rpl26
P61290	Psme3
P61294	Rab6b
P61358	Rpl27
P61406	Smg6
P61458	Pcbd1
P61514	Rpl37a
P61600	Naa20
P61620	Sec61a1
P61759	Vbp1
P61793	Lpar1
P61804	Dad1
P61922	Abat
P61924	Copz1
P61953	Gng11
P61961	Ufm1
P61963	Dcaf7
P61965	Wdr5
P61967	Ap1s1
P61971	Nutf2
P61979	Hnrnpk
P61982	Ywhag
P62046	Lrch1
P62069	Usp46
P62071	Rras2
P62073	Timm10
P62075	Timm13
P62077	Timm8b
P62082	Rps7
P62137	Ppp1ca
P62141	Ppp1cb
P62192	Psmc1
P62196	Psmc5
P62242	Rps8
P62245	Rps15a
P62254	Ube2g1
P62257	Ube2h
P62259	Ywhae
P62264	Rps14
P62267	Rps23
P62270	Rps18
P62281	Rps11
P62301	Rps13
P62305	Snrpe
P62307	Snrpf
P62309	Snrpg
P62311	Lsm3
P62313	Lsm6
P62315	Snrpd1
P62317	Snrpd2
P62320	Snrpd3
P62331	Arf6
P62334	Psmc6
P62342	Selt
P62482	Kcnab2
P62488	Polr2g
P62492	Rab11a
P62500	Tsc22d1
P62631	Eef1a2
P62700	Ypel5
P62702	Rps4x
P62715	Ppp2cb
P62717	Rpl18a
P62743	Ap2s1
P62746	Rhob
P62748	Hpcal1
P62751	Rpl23a
P62754	Rps6
P62761	Vsnl1
P62774	Mtpn
P62806	Hist1h4a
P62814	Atp6v1b2
P62821	Rab1A
P62827	Ran
P62830	Rpl23
P62835	Rap1a
P62838	Ube2d2
P62843	Rps15
P62849	Rps24
P62852	Rps25
P62855	Rps26
P62858	Rps28
P62869	Tceb2
P62874	Gnb1
P62876	Polr2l
P62880	Gnb2
P62889	Rpl30
P62892	Rpl39
P62897	Cycs
P62900	Rpl31
P62908	Rps3
P62911	Rpl32
P62915	Gtf2b
P62918	Rpl8
P62960	Ybx1
P62983	Rps27a
P62996	Tra2b
P63001	Rac1
P63002	Aes
P63005	Pafah1b1
P63011	Rab3a
P63017	Hspa8
P63024	Vamp3
P63028	Tpt1
P63030	Mpc1
P63034	Cyth2
P63037	Dnaja1
P63038	Hspd1
P63044	Vamp2
P63058	Thra
P63073	Eif4e
P63082	Atp6v0c
P63085	Mapk1
P63087	Ppp1cc
P63094	Gnas
P63101	Ywhaz
P63147	Ube2b
P63154	Crnkl1
P63158	Hmgb1
P63166	Sumo1
P63168	Dynll1
P63213	Gng2
P63242	Eif5a
P63254	Crip1
P63260	Actg1
P63276	Rps17
P63280	Ube2i
P63300	Sepw1
P63321	Rala
P63323	Rps12
P63325	Rps10
P63328	Ppp3ca
P63330	Ppp2ca
P67778	Phb
P67871	Csnk2b
P67984	Rpl22
P68033	Actc1
P68037	Ube2l3
P68040	Gnb2l1
P68181	Prkacb
P68254	Ywhaq
P68368	Tuba4a
P68372	Tubb4b
P68373	Tuba1c
P68404	Prkcb
P68510	Ywhah
P69566	Ranbp9
P70122	Sbds
P70158	Smpdl3a
P70168	Kpnb1
P70170	Abcc9
P70175	Dlg3
P70180	Npr3
P70182	Pip5k1a
P70188	Kifap3
P70191	Traf5
P70195	Psmb7
P70196	Traf6
P70202	Lxn
P70206	Plxna1
P70207	Plxna2
P70213	Fv1
P70218	Map4k1
P70224	Gimap1
P70227	Itpr3
P70232	Chl1
P70236	Map2k6
P70248	Myo1f
P70255	Nfic
P70257	Nfix
P70261	Pald1
P70265	Pfkfb2
P70268	Pkn1
P70271	Pdlim4
P70274	Sepp1
P70275	Sema3e
P70277	St6galnac2
P70279	Surf6
P70280	Vamp7
P70288	Hdac2
P70290	Mpp1
P70295	Aup1
P70296	Pebp1
P70297	Stam
P70302	Stim1
P70303	Ctps2
P70313	Nos3
P70315	Was
P70318	Tial1
P70333	Hnrnph2
P70335	Rock1
P70336	Rock2
P70345	Bcl2l2
P70347	Tank
P70349	Hint1
P70351	Ezh1
P70353	Nfyc
P70362	Ufd1l
P70372	Elavl1
P70375	F7
P70387	Hfe
P70388	Rad50
P70389	Igfals
P70392	Rasgrf2
P70398	Usp9x
P70399	Tp53bp1
P70403	Cux1
P70404	Idh3g
P70414	Slc8a1
P70419	Galnt3
P70424	Erbb2
P70426	Rit1
P70429	Evl
P70441	Slc9a3r1
P70444	Bid
P70451	Fer
P70452	Stx4
P70460	Vasp
P70663	Sparcl1
P70665	Siae
P70669	Phex
P70671	Irf3
P70677	Casp3
P70697	Urod
P70698	Ctps1
P70699	Gaa
P70700	Polr1b
P70704	Atp8a1
P80313	Cct7
P80314	Cct2
P80315	Cct4
P80316	Cct5
P80317	Cct6a
P80318	Cct3
P81066	Irx2
P81069	Gabpb2
P81117	Nucb2
P81122	Irs2
P81270	Erg
P82198	Tgfbi
P82343	Renbp
P82347	Sgcd
P82349	Sgcb
P82350	Sgca
P83093	Stim2
P83510	Tnik
P83741	Wnk1
P83870	Phf5a
P83877	Txnl4a
P83882	Rpl36a
P83887	Tubg1
P83917	Cbx1
P83940	Tceb1
P84078	Arf1
P84084	Arf5
P84089	Erh
P84091	Ap2m1
P84096	Rhog
P84099	Rpl19
P84102	Serf2
P84104	Srsf3
P84228	Hist1h3b
P84244	H3f3a
P84309	Adcy5
P85094	Isoc2a
P86793	Ccl21c
P97287	Mcl1
P97290	Serping1
P97298	Serpinf1
P97300	Nptn
P97302	Bach1
P97310	Mcm2
P97311	Mcm6
P97313	Prkdc
P97314	Csrp2
P97315	Csrp1
P97328	Khk
P97333	Nrp1
P97346	Nxn
P97348	Rhod
P97351	Rps3a
P97352	S100a13
P97355	Sms
P97360	Etv6
P97361	Bpifa1
P97363	Sptlc2
P97364	Sephs2
P97366	Evi5
P97369	Ncf4
P97370	Atp1b3
P97371	Psme1
P97372	Psme2
P97376	Frg1
P97377	Cdk2
P97379	G3bp2
P97384	Anxa11
P97386	Lig3
P97390	Vps45
P97393	Arhgap5
P97411	Ica1
P97425	Ear2
P97429	Anxa4
P97430	Slpi
P97431	Irf6
P97433	Arhgef28
P97434	Mprip
P97443	Smyd1
P97447	Fhl1
P97449	Anpep
P97450	Atp5j
P97452	Bop1
P97461	Rps5
P97465	Dok1
P97467	Pam
P97468	Cmklr1
P97470	Ppp4c
P97471	Smad4
P97478	Coq7
P97493	Txn2
P97494	Gclc
P97496	Smarcc1
P97499	Tep1
P97501	Fmo3
P97504	Bmx
P97742	Cpt1a
P97760	Polr2c
P97765	Wbp2
P97770	Thumpd3
P97784	Cry1
P97789	Xrn1
P97792	Cxadr
P97797	Sirpa
P97798	Neo1
P97807	Fh
P97808	Fxyd5
P97813	Pld2
P97814	Pstpip1
P97816	S100g
P97820	Map4k4
P97821	Ctsc
P97822	Anp32e
P97823	Lypla1
P97855	G3bp1
P97857	Adamts1
P97863	Nfib
P97864	Casp7
P97865	Pex7
P97868	Rbbp6
P97872	Fmo5
P97873	Loxl1
P97927	Lama4
P97930	Dtymk
P97946	Figf
P98063	Bmp1
P98078	Dab2
P98083	Shc1
P98086	C1qa
P98156	Vldlr
P98191	Cds1
P98192	Gnpat
P98195	Atp9b
P98197	Atp11a
P98203	Arvcf
P99024	Tubb5
P99026	Psmb4
P99027	Rplp2
P99028	Uqcrh
P99029	Prdx5
Q00262	Stx2
Q00420	Gabpb1
Q00422	Gabpa
Q00519	Xdh
Q00558	F8a1
Q00560	Il6st
Q00612	G6pdx
Q00623	Apoa1
Q00651	Itga4
Q00724	Rbp4
Q00731	Vegfa
Q00897	Serpina1d
Q00898	Serpina1e
Q00899	Yy1
Q00915	Rbp1
Q00993	Axl
Q00PI9	Hnrnpul2
Q01063	Pde4d
Q01065	Pde1b
Q01147	Creb1
Q01149	Col1a2
Q01279	Egfr
Q01339	Apoh
Q01341	Adcy6
Q01405	Sec23a
Q01705	Notch1
Q01721	Gas1
Q01730	Rsu1
Q01768	Nme2
Q01815	Cacna1c
Q01853	Vcp
Q02013	Aqp1
Q02053	Uba1
Q02105	C1qc
Q02111	Prkcq
Q02248	Ctnnb1
Q02257	Jup
Q02357	Ank1
Q02384	Sos2
Q02496	Muc1
Q02566	Myh6
Q02614	Sap30bp
Q02780	Nfia
Q02788	Col6a2
Q02819	Nucb1
Q02858	Tek
Q02956	Prkcz
Q03137	Epha4
Q03141	Mark3
Q03145	Epha2
Q03147	Cdk7
Q03160	Grb7
Q03173	Enah
Q03265	Atp5a1
Q03267	Ikzf1
Q03347	Runx1
Q03734	Serpina3m
Q03958	Pfdn6
Q03963	Eif2ak2
Q04207	Rela
Q04447	Ckb
Q04519	Smpd1
Q04690	Nf1
Q04692	Smarcad1
Q04736	Yes1
Q04750	Top1
Q04857	Col6a1
Q04899	Cdk18
Q05117	Acp5
Q05144	Rac2
Q05186	Rcn1
Q05512	Mark2
Q05793	Hspg2
Q05816	Fabp5
Q05895	Thbs3
Q05909	Ptprg
Q05910	Adam8
Q05915	Gch1
Q05920	Pc
Q05921	Rnasel
Q05A62	Dnal1
Q05BC3	Eml1
Q05CL8	Larp7
Q05D44	Eif5b
Q06138	Cab39
Q06180	Ptpn2
Q06185	Atp5i
Q06318	Scgb1a1
Q06335	Aplp2
Q06770	Serpina6
Q06806	Tie1
Q06890	Clu
Q07076	Anxa7
Q07079	Igfbp5
Q07113	Igf2r
Q07235	Serpine2
Q07417	Acads
Q07456	Ambp
Q07797	Lgals3bp
Q07813	Bax
Q08024	Cbfb
Q08048	Hgf
Q08091	Cnn1
Q08093	Cnn2
Q08122	Tle3
Q08288	Lyar
Q08481	Pecam1
Q08509	Eps8
Q08642	Padi2
Q08652	Rbp2
Q08761	Pros1
Q08775	Runx2
Q08857	Cd36
Q08879	Fbln1
Q08943	Ssrp1
Q08AT1	Rasl12
Q08EC4	Cass4
Q09014	Ncf1
Q09200	B4galnt1
Q09PK2	Asprv1
Q0GNC1	Inf2
Q0II04	Nebl
Q0P557	Spata18
Q0P5W1	Vps8
Q0P678	Zc3h18
Q0VBL3	Rbm15
Q0VEJ0	Cep76
Q0VGB7	Ppp4r2
Q0VGY8	Tanc1
Q11011	Npepps
Q11136	Pepd
Q148V7	Kiaa1468
Q148V8	Fam83h
Q149C2	Traf3ip1
Q149S1	Tekt4
Q14AX6	Cdk12
Q14B46	Rtkn2
Q14C51	Ptcd3
Q14CH1	Mocos
Q14CH7	Aars2
Q14DH7	Acss3
Q1HFZ0	Nsun2
Q1W617	Shroom4
Q1XH17	Trim72
Q2EMV9	Parp14
Q2HXL6	Edem3
Q2KN98	Specc1l
Q2NL51	Gsk3a
Q2PZL6	Fat4
Q2TBA3	Malt1
Q2TBE6	Pi4k2a
Q2TPA8	Hsdl2
Q2VLH6	Cd163
Q2YDW2	Msto1
Q2YFS3	Pilra
Q31125	Slc39a7
Q32M07	Ak8
Q32NY4	Cnnm3
Q3B7Z2	Osbp
Q3KNM2	March5
Q3LAC4	Prex2
Q3SXD3	Hddc2
Q3T9M1	Mfsd2b
Q3TA38	Tmem120b
Q3TAP4	Ap5b1
Q3TAS6	Emc10
Q3TB82	Plekhf1
Q3TBD2	Hmha1
Q3TBL6	Tnfaip8l3
Q3TBT3	Tmem173
Q3TC33	Ccdc127
Q3TC46	Patl1
Q3TC72	Fahd2
Q3TC93	Hs1bp3
Q3TCH7	Cul4a
Q3TCJ1	Fam175b
Q3TCN2	Plbd2
Q3TCX3	Kiaa0907
Q3TDD9	Ppp1r21
Q3TDE8	Znf691
Q3TDN2	Faf2
Q3TDQ1	Stt3b
Q3TEA8	Hp1bp3
Q3TEW6	Mpzl1
Q3TFD2	Lpcat1
Q3TFQ1	Spryd7
Q3TGF2	Fam107b
Q3TGW2	Eepd1
Q3TH73	Ttyh2
Q3THE2	Myl12b
Q3THG9	Aarsd1
Q3THJ3	Eif1ad
Q3THK3	Gtf2f1
Q3THK7	Gmps
Q3THS6	Mat2a
Q3TIR1	Trappc13
Q3TIR3	Ric8a
Q3TIU4	Pde12
Q3TIV5	Zc3h15
Q3TIX9	Usp39
Q3TJ91	Llgl2
Q3TJD7	Pdlim7
Q3TJZ6	Fam98a
Q3TKT4	Smarca4
Q3TKY6	Cwc27
Q3TL44	Nlrx1
Q3TLH4	Prrc2c
Q3TLI0	Trappc10
Q3TLP5	Echdc2
Q3TLS3	Gdpgp1
Q3TMH2	Scrn3
Q3TMP8	Tmem38a
Q3TMW1	Ccdc102a
Q3TMX7	Qsox2
Q3TN34	Micall2
Q3TNA1	Xylb
Q3TNH5	Fam172a
Q3TNL8	Itprip
Q3TPE9	Ankmy2
Q3TPX4	Exoc5
Q3TQB2	Foxred1
Q3TQI7	
Q3TRM4	Pnpla6
Q3TRM8	Hk3
Q3TSG4	Alkbh5
Q3TUA9	Pomk
Q3TUH1	Tamm41
Q3TVC7	Ccndbp1
Q3TVI8	Pbxip1
Q3TW96	Uap1l1
Q3TWF6	Wdr70
Q3TWI9	Tmem63b
Q3TWL2	Tmem55b
Q3TWN3	Cnnm2
Q3TWW8	Srsf6
Q3TX08	Trmt1
Q3TXS7	Psmd1
Q3TXT3	Inip
Q3TXU5	Dhps
Q3TXX3	Zfyve27
Q3TYD6	Lmtk2
Q3TYS2	
Q3TYX3	Smyd5
Q3TZM9	Alg11
Q3TZX8	Nol9
Q3TZZ7	Esyt2
Q3U0B3	Dhrs11
Q3U0D9	Hace1
Q3U0J8	Tbc1d2b
Q3U0K8	Ogfod1
Q3U0L2	Ankrd33b
Q3U0M1	Trappc9
Q3U0S6	Rasip1
Q3U0V1	Khsrp
Q3U0V2	Tradd
Q3U186	Rars2
Q3U1F9	Pag1
Q3U1G5	Isg20l2
Q3U1J4	Ddb1
Q3U1T9	Dennd1b
Q3U1V6	Uevld
Q3U1Z5	Gpsm3
Q3U214	Mast3
Q3U276	Sdhaf1
Q3U2A8	Vars2
Q3U2I3	Fam160a2
Q3U2P1	Sec24a
Q3U2S8	Hvcn1
Q3U2U7	Mettl17
Q3U308	Ctu2
Q3U319	Rnf40
Q3U3I9	Znf865
Q3U3Q1	Ulk3
Q3U3R4	Lmf1
Q3U3W5	Prmt9
Q3U487	Hectd3
Q3U4G3	Xxylt1
Q3U5C8	Arhgef16
Q3U5Q7	Cmpk2
Q3U7R1	Esyt1
Q3U7U3	Fbxo7
Q3U9G9	Lbr
Q3UA37	Qrich1
Q3UBG2	Pid1
Q3UBX0	Tmem109
Q3UBZ5	Mif4gd
Q3UCV8	Otulin
Q3UDE2	Ttll12
Q3UDK1	Trafd1
Q3UDP0	Wdr41
Q3UDR8	Yipf3
Q3UDW8	Hgsnat
Q3UE37	Ube2z
Q3UEB3	Puf60
Q3UES3	Tnks2
Q3UFF7	Lyplal1
Q3UFK8	Frmd8
Q3UFS0	Zyg11b
Q3UFY7	Nt5c3b
Q3UFY8	Trmt10c
Q3UG20	Kmt2e
Q3UGC7	Eif3j1
Q3UGF1	Wdr19
Q3UGP8	Alg10b
Q3UGP9	Lrrc58
Q3UGR5	Hdhd2
Q3UGS4	Fam195b
Q3UGY8	Arfgef3
Q3UH60	Dip2b
Q3UH68	Limch1
Q3UH93	Plxnd1
Q3UHA3	Spg11
Q3UHB1	Nt5dc3
Q3UHC2	Lrrk1
Q3UHC7	Dab2ip
Q3UHD2	Gfod1
Q3UHD6	Snx27
Q3UHG7	Lchn
Q3UHH1	Zswim8
Q3UHH2	Slc22a23
Q3UHJ0	Aak1
Q3UHK1	Slc2a13
Q3UHN9	Ndst1
Q3UHQ6	Dopey2
Q3UHU5	Mtcl1
Q3UHX2	Pdap1
Q3UHX9	D2Wsu81e
Q3UI43	Babam1
Q3UIA2	Arhgap17
Q3UIJ9	Myzap
Q3UIL6	Plekha7
Q3UIR3	Dtx3l
Q3UIU2	Ndufb6
Q3UJB9	Edc4
Q3UJD6	Usp19
Q3UJP5	
Q3UJU9	Rmdn3
Q3UKC1	Tax1bp1
Q3UKJ7	Smu1
Q3UL36	Arglu1
Q3ULD5	Mccc2
Q3ULF4	Spg7
Q3ULJ0	Gpd1l
Q3UM18	Lsg1
Q3UM29	Cog7
Q3UM45	Ppp1r7
Q3UMB5	Smcr8
Q3UMB9	Kiaa1033
Q3UMC0	Spata5
Q3UMF0	Cobll1
Q3UMR0	Ankrd27
Q3UMR5	Mcu
Q3UMT1	Ppp1r12c
Q3UMU9	Hdgfrp2
Q3UMW7	Mapkapk3
Q3UMW8	Cln5
Q3UMY5	Eml4
Q3UN02	Lclat1
Q3UND0	Skap2
Q3UNZ8	
Q3UP38	Cracr2a
Q3UP87	Elane
Q3UPF5	Zc3hav1
Q3UPH1	Prrc1
Q3UPH7	Arhgef40
Q3UPL0	Sec31a
Q3UPL5	Ag2
Q3UPR7	Tmem102
Q3UPR9	Sbspon
Q3UPY5	Glb1l2
Q3UQ28	Pxdn
Q3UQ44	Iqgap2
Q3UQ84	Tars2
Q3UQA7	Selh
Q3UQN2	Fcho2
Q3UQU0	Brd9
Q3UR70	Tgfbrap1
Q3UR97	Snx21
Q3URD3	Slmap
Q3URE1	Acsf3
Q3URF8	Kctd21
Q3URQ0	Tex10
Q3URS9	Ccdc51
Q3US41	Esrp1
Q3USB7	Plcl1
Q3USH5	Sfswap
Q3USJ8	Fchsd2
Q3UST5	
Q3USZ8	
Q3UTJ2	Sorbs2
Q3UTQ8	Cdkl5
Q3UU35	Ovos
Q3UU96	Cdc42bpa
Q3UUG6	Tbc1d24
Q3UUI3	Them4
Q3UUJ4	Strada
Q3UUQ7	Pgap1
Q3UV16	Itpripl2
Q3UV70	Pdp1
Q3UV74	Itgb2l
Q3UVG3	Fam91a1
Q3UVK0	Ermp1
Q3UVL4	Vps51
Q3UW53	Fam129a
Q3UX10	Tubal3
Q3UX62	Ccdc114
Q3UYC0	Ppm1h
Q3UYV9	Ncbp1
Q3UZ39	Lrrfip1
Q3UZA1	Rcsd1
Q3UZZ4	Olfm4
Q3UZZ6	Sult1d1
Q3V009	Tmed1
Q3V038	Ttc9
Q3V0K9	Pls1
Q3V1G4	Olfml2b
Q3V1L4	Nt5c2
Q3V1T4	Lepre1
Q3V1V3	Esf1
Q3V209	Tmub2
Q3V2J0	Fam92b
Q3V384	Lace1
Q3V3G7	Gramd2
Q3V3Q7	Pacs2
Q3V3R1	Mthfd1l
Q3V3R4	Itga1
Q3V4B5	Commd6
Q3ZT31	Snx25
Q45VK7	Dync2h1
Q499X9	Mars2
Q4ACU6	Shank3
Q4FK66	Prpf38a
Q4FZC9	Syne3
Q4FZG9	Ndufa4l2
Q4G0F8	Ubn1
Q4KML4	Abracl
Q4KMM3	Oxr1
Q4KWH5	Plch1
Q4LDD4	Arap1
Q4LFA9	Sema3g
Q4PJX1	Odr4
Q4PZA2	Ece1
Q4QQM4	Trp53i11
Q4QRL3	Ccdc88b
Q4U2R1	Herc2
Q4VA53	Pds5b
Q4VAA2	Cdv3
Q4VAA7	Snx33
Q4VAE3	Tmem65
Q4VBD2	Tapt1
Q4VBE4	Egflam
Q4VBE8	Wdr18
Q4VC33	Maea
Q4ZJM7	Otol1
Q501J6	Ddx17
Q501J7	Phactr4
Q505B7	Zbtb8os
Q505D1	Ankrd28
Q505D7	Opa3
Q505F5	Lrrc47
Q52KE7	Ccnl1
Q52KG4	Zbtb45
Q52KI8	Srrm1
Q52KR3	Prune2
Q566J8	Adck4
Q569Z5	Ddx46
Q569Z6	Thrap3
Q56A08	Gpkow
Q570Y9	Deptor
Q571E4	Galns
Q571I4	Sgk223
Q571I9	Aldh16a1
Q571J5	Znf354c
Q58A65	Spag9
Q59J78	Ndufaf2
Q5BL07	Pex1
Q5BLK4	Zcchc6
Q5DTM8	Rnf20
Q5DTU0	Afap1l2
Q5DTX6	Jcad
Q5DU09	Znf652
Q5DU25	Iqsec2
Q5DU37	Zfyve26
Q5DU57	Spata13
Q5DW34	Ehmt1
Q5EBG6	Hspb6
Q5EBG8	
Q5EG47	Prkaa1
Q5F201	Wdr16
Q5F226	Fat2
Q5F2E7	Nufip2
Q5F2E8	Taok1
Q5FW53	Mybphl
Q5FW60	Mup20
Q5FWH2	Unkl
Q5FWH6	Arhgef15
Q5FWI3	Tmem2
Q5FWK3	Arhgap1
Q5H8C4	Vps13a
Q5HZI1	Mtus1
Q5HZI9	Slc25a51
Q5I012	Slc38a10
Q5IRJ6	Slc30a9
Q5KU39	Vps41
Q5M8M2	Odf3b
Q5M8N0	Cnrip1
Q5NBU8	Xaf1
Q5NBX1	Cobl
Q5NC57	Fam183b
Q5NCF2	Trappc1
Q5NCI0	Urgcp
Q5ND28	Scarf1
Q5ND29	Rilp
Q5ND34	Wdr81
Q5ND56	Fam57a
Q5PRF0	Heatr5a
Q5RJG1	Nol10
Q5RKZ7	Mocs1
Q5S006	Lrrk2
Q5SF07	Igf2bp2
Q5SFM8	Rbm27
Q5SNZ0	Ccdc88a
Q5SP85	Ccdc85a
Q5SPW0	Vps54
Q5SQF8	Sap30l
Q5SQX6	Cyfip2
Q5SQY2	Bod1
Q5SRX1	Tom1l2
Q5SRY7	Fbxw11
Q5SS80	Dhrs13
Q5SS90	Gm11992
Q5SSH7	Zzef1
Q5SSH8	Cyb5d2
Q5SSL4	Abr
Q5SSM3	Arhgap44
Q5SSW2	Psme4
Q5SSZ5	Tns3
Q5SUA5	Myo1g
Q5SUC9	Sco1
Q5SUE8	Ankrd40
Q5SUF2	Luc7l3
Q5SUQ9	Ctc1
Q5SUR0	Pfas
Q5SV85	Synrg
Q5SVL6	Rap1gap2
Q5SVQ0	Kat7
Q5SVR0	Tbc1d9b
Q5SW19	Cluh
Q5SWD9	Tsr1
Q5SWT3	Slc25a35
Q5SWU9	Acaca
Q5SXA9	Wwc1
Q5SXY1	Specc1
Q5SYD0	Myo1d
Q5SYL3	Kiaa0100
Q5SZT7	Nkapl
Q5U3K5	Rabl6
Q5U430	Ubr3
Q5U458	Dnajc11
Q5U462	Cdcp1
Q5U4D9	Thoc6
Q5U4F6	Wdr34
Q5U5M8	Bloc1s3
Q5U5Q9	Uimc1
Q5U5V2	Hykk
Q5UAK0	Mier1
Q5XF89	Atp13a3
Q5XG71	Utp20
Q5XG73	Acbd5
Q5XJE5	Leo1
Q5XJY4	Parl
Q5XJY5	Arcn1
Q5XKN4	Jagn1
Q5XPI3	Rnf123
Q5Y5T1	Zdhhc20
Q60520	Sin3a
Q60575	Kif1b
Q60590	Orm1
Q60596	Xrcc1
Q60597	Ogdh
Q60598	Cttn
Q60605	Myl6
Q60631	Grb2
Q60634	Flot2
Q60648	Gm2a
Q60649	Clpb
Q60668	Hnrnpd
Q60675	Lama2
Q60676	Ppp5c
Q60680	Chuk
Q60692	Psmb6
Q60707	Tbx2
Q60710	Samhd1
Q60714	Slc27a1
Q60715	P4ha1
Q60716	P4ha2
Q60722	Tcf4
Q60737	Csnk2a1
Q60738	Slc30a1
Q60739	Bag1
Q60749	Khdrbs1
Q60750	Epha1
Q60751	Igf1r
Q60759	Gcdh
Q60760	Grb10
Q60766	Irgm1
Q60767	Ly75
Q60769	Tnfaip3
Q60770	Stxbp3
Q60772	Cdkn2c
Q60778	Nfkbib
Q60780	Gas7
Q60787	Lcp2
Q60790	Rasa3
Q60793	Klf4
Q60805	Mertk
Q60809	Cnot7
Q60817	Naca
Q60823	Akt2
Q60829	Ppp1r1b
Q60838	Dvl2
Q60847	Col12a1
Q60854	Serpinb6
Q60855	Ripk1
Q60860	Ltc4s
Q60864	Stip1
Q60865	Caprin1
Q60866	Pter
Q60870	Reep5
Q60872	Eif1a
Q60875	Arhgef2
Q60902	Eps15l1
Q60925	Dbp
Q60928	Ggt1
Q60930	Vdac2
Q60931	Vdac3
Q60932	Vdac1
Q60949	Tbc1d1
Q60952	Cep250
Q60953	Pml
Q60954	Meis1
Q60960	Kpna1
Q60961	Laptm4a
Q60967	Papss1
Q60972	Rbbp4
Q60973	Rbbp7
Q60974	Ncor1
Q60989	Xiap
Q60991	Cyp7b1
Q60992	Vav2
Q60994	Adipoq
Q60996	Ppp2r5c
Q61001	Lama5
Q61009	Scarb1
Q61011	Gnb3
Q61016	Gng7
Q61017	Gngt2
Q61024	Asns
Q61029	Tmpo
Q61033	Tmpo
Q61035	Hars
Q61037	Tsc2
Q61069	Usf1
Q61070	Ei24
Q61072	Adam9
Q61074	Ppm1g
Q61081	Cdc37
Q61084	Map3k3
Q61087	Lamb3
Q61088	Fzd4
Q61089	Fzd6
Q61090	Fzd7
Q61092	Lamc2
Q61093	Cybb
Q61096	Prtn3
Q61097	Ksr1
Q61098	Il18r1
Q61102	Abcb7
Q61103	Dpf2
Q61107	Gbp4
Q61112	Sdf4
Q61114	Bpifb1
Q61129	Cfi
Q61133	Gstt2
Q61136	Prpf4b
Q61140	Bcar1
Q61143	Trpc6
Q61144	Psen2
Q61146	Ocln
Q61147	Cp
Q61151	Ppp2r5e
Q61160	Fadd
Q61161	Map4k2
Q61164	Ctcf
Q61165	Slc9a1
Q61166	Mapre1
Q61171	Prdx2
Q61179	Irf9
Q61180	Scnn1a
Q61183	Papola
Q61187	Tsg101
Q61189	Clns1a
Q61190	Il10rb
Q61191	Hcfc1
Q61193	Rgl2
Q61194	Pik3c2a
Q61205	Pafah1b3
Q61206	Pafah1b2
Q61207	Psap
Q61210	Arhgef1
Q61211	Eif2d
Q61214	Dyrk1a
Q61216	Mre11a
Q61233	Lcp1
Q61234	Snta1
Q61235	Sntb2
Q61239	Fnta
Q61247	Serpinf2
Q61249	Igbp1
Q61263	Soat1
Q61285	Abcd2
Q61288	Acvrl1
Q61292	Lamb2
Q61301	Ctnna2
Q61315	Apc
Q61316	Hspa4
Q61333	Tnfaip2
Q61334	Bcap29
Q61335	Bcap31
Q61337	Bad
Q61362	Chi3l1
Q61371	Ift88
Q61391	Mme
Q61398	Pcolce
Q61400	Ceacam10
Q61410	Prkg2
Q61411	Hras
Q61419	Cmah
Q61420	Slc35a1
Q61425	Hadh
Q61458	Ccnh
Q61462	Cyba
Q61464	Znf638
Q61466	Smarcd1
Q61468	Msln
Q61469	Ppap2a
Q61475	Cd55
Q61481	Pde1a
Q61483	Dll1
Q61490	Alcam
Q61503	Nt5e
Q61508	Ecm1
Q61510	Trim25
Q61526	Erbb3
Q61542	Stard3
Q61543	Glg1
Q61545	Ewsr1
Q61550	Rad21
Q61553	Fscn1
Q61554	Fbn1
Q61555	Fbn2
Q61559	Fcgrt
Q61576	Fkbp10
Q61578	Fdxr
Q61581	Igfbp7
Q61584	Fxr1
Q61586	Gpam
Q61592	Gas6
Q61595	Ktn1
Q61598	Gdi2
Q61599	Arhgdib
Q61614	Ednra
Q61624	Znf148
Q61646	Hp
Q61655	Ddx19a
Q61656	Ddx5
Q61686	Cbx5
Q61687	Atrx
Q61696	Hspa1a
Q61699	Hsph1
Q61702	Itih1
Q61703	Itih2
Q61704	Itih3
Q61712	Dnajc1
Q61730	Il1rap
Q61733	Mrps31
Q61735	Cd47
Q61738	Itga7
Q61739	Itga6
Q61749	Eif2b4
Q61753	Phgdh
Q61768	Kif5b
Q61771	Kif3b
Q61789	Lama3
Q61792	Lasp1
Q61805	Lbp
Q61823	Pdcd4
Q61830	Mrc1
Q61831	Mapk10
Q61838	A2m
Q61879	Myh10
Q61881	Mcm7
Q61884	Mns1
Q61937	Npm1
Q61982	Notch3
Q61990	Pcbp2
Q62000	Ogn
Q62009	Postn
Q62011	Pdpn
Q62018	Ctr9
Q62028	Pla2r1
Q62036	Cep131
Q62048	Pea15
Q62059	Vcan
Q62073	Map3k7
Q62074	Prkci
Q62077	Plcg1
Q62083	Pick1
Q62084	Ppp1r14b
Q62086	Pon2
Q62087	Pon3
Q62093	Srsf2
Q62095	Ddx3y
Q62101	Prkd1
Q62130	Ptpn14
Q62136	Ptpn21
Q62147	Sspn
Q62148	Aldh1a2
Q62151	Ager
Q62159	Rhoc
Q62165	Dag1
Q62167	Ddx3x
Q62172	Ralbp1
Q62178	Sema4a
Q62179	Sema4b
Q62181	Sema3c
Q62186	Ssr4
Q62187	Ttf1
Q62188	Dpysl3
Q62189	Snrpa
Q62191	Trim21
Q62192	Cd180
Q62193	Rpa2
Q62203	Sf3a2
Q62219	Tgfb1i1
Q62230	Siglec1
Q62234	Myom1
Q62241	Snrpc
Q62245	Sos1
Q62261	Sptbn1
Q62276	Med22
Q62277	Syp
Q62283	Tspan7
Q62293	Ifggb5
Q62311	Taf6
Q62312	Tgfbr2
Q62313	Tgoln1
Q62318	Trim28
Q62348	Tsn
Q62351	Tfrc
Q62371	Ddr2
Q62376	Snrnp70
Q62377	Zrsr2
Q62383	Supt6h
Q62384	Zpr1
Q62388	Atm
Q62393	Tpd52
Q62394	Znf185
Q62407	Speg
Q62415	Ppp1r13b
Q62417	Sorbs1
Q62418	Dbnl
Q62419	Sh3gl1
Q62422	Ostf1
Q62425	Ndufa4
Q62426	Cstb
Q62432	Smad2
Q62433	Ndrg1
Q62446	Fkbp3
Q62448	Eif4g2
Q62465	Vat1
Q62469	Itga2
Q62470	Itga3
Q62504	Spen
Q62511	Zfp91
Q62523	Zyx
Q62559	Ift52
Q63739	Ptp4a1
Q63810	Ppp3r1
Q63829	Commd3
Q63844	Mapk3
Q63850	Nup62
Q63870	Col7a1
Q63871	Polr2k
Q63918	Sdpr
Q63932	Map2k2
Q63961	Eng
Q63ZW7	Inadl
Q64008	Rab34
Q64010	Crk
Q64012	Raly
Q64096	Mcf2l
Q640L3	Ccpg1
Q640N1	Aebp1
Q640N3	Arhgap30
Q640Q5	Pan3
Q64105	Spr
Q64112	Ifit2
Q64127	Trim24
Q64133	Maoa
Q64151	Sema4c
Q64152	Btf3
Q64191	Aga
Q64213	Sf1
Q64261	Cdk6
Q64277	Bst1
Q64282	Ifit1
Q64287	Irf4
Q64302	Tm4sf1
Q64310	Surf4
Q64314	Cd34
Q64322	Npdc1
Q64324	Stxbp2
Q64331	Myo6
Q64332	Syn2
Q64337	Sqstm1
Q64339	Isg15
Q64343	Abcg1
Q64345	Ifit3
Q64373	Bcl2l1
Q64378	Fkbp5
Q64429	Cyp1b1
Q64430	Atp7a
Q64433	Hspe1
Q64435	Ugt1a6
Q64437	Adh7
Q64442	Sord
Q64444	Ca4
Q64446	Atp7b
Q64449	Mrc2
Q64455	Ptprj
Q64462	Cyp4b1
Q64471	Gstt1
Q64487	Ptprd
Q64511	Top2b
Q64512	Ptpn13
Q64514	Tpp2
Q64516	Gk
Q64518	Atp2a3
Q64520	Guk1
Q64521	Gpd2
Q64669	Nqo1
Q64674	Srm
Q64700	Rbl2
Q64704	Stx3
Q64705	Usf2
Q64726	Azgp1
Q64727	Vcl
Q64735	Cr1l
Q64737	Gart
Q64FW2	Retsat
Q65Z40	Wapal
Q66GT5	Ptpmt1
Q673H1	Tusc1
Q68EF0	Rab3ip
Q68FD5	Cltc
Q68FE2	Atg9a
Q68FE6	Fam65a
Q68FF6	Git1
Q68FH0	Pkp4
Q68FH4	Galk2
Q68FL4	Ahcyl2
Q68FL6	Mars
Q69Z23	Dnah17
Q69Z37	Samd9l
Q69Z38	Peak1
Q69Z89	Radil
Q69Z99	Znf512
Q69ZC8	Gpalpp1
Q69ZF3	Gba2
Q69ZF7	Cnnm4
Q69ZH9	Arhgap23
Q69ZK0	Prex1
Q69ZN6	Gnptab
Q69ZN7	Myof
Q69ZP3	Pnkd
Q69ZQ1	Kiaa1161
Q69ZQ2	Isy1
Q69ZR2	Hectd1
Q69ZR9	Fam208a
Q69ZS0	Pdzrn3
Q69ZS7	Hbs1l
Q69ZS8	Kazn
Q69ZU6	Thsd7a
Q69ZW3	Ehbp1
Q69ZX8	Ablim3
Q69ZZ6	Tmcc1
Q6A009	Ltn1
Q6A026	Pds5a
Q6A028	Swap70
Q6A037	N4bp1
Q6A051	Atrnl1
Q6A065	Cep170
Q6A068	Cdc5l
Q6A078	Cep290
Q6A098	Secisbp2l
Q6A0A2	Larp4b
Q6A0A9	FAM120A
Q6A0D4	Rftn1
Q6A4J8	Usp7
Q6AW69	Cgnl1
Q6BCL1	Pram1
Q6DFV3	Arhgap21
Q6DFV7	Ncoa7
Q6DFW4	Nop58
Q6DFX2	Antxr2
Q6DG52	Churc1
Q6DIA2	Exoc3l4
Q6DIC0	Smarca2
Q6DID3	Scaf8
Q6DID7	Wls
Q6DTY7	Pfkfb4
Q6DVA0	Lemd2
Q6DYE8	Enpp3
Q6EDY6	Lrrc16a
Q6F3F9	Gpr126
Q6GQS1	Slc25a23
Q6GQT9	Nomo1
Q6GQW0	Btbd11
Q6GV12	Kdsr
Q6GYP7	Ralgapa1
Q6IR34	Gpsm1
Q6IRU2	Tpm4
Q6IRU5	Cltb
Q6KAR6	Exoc3
Q6KCD5	Nipbl
Q6NS46	Pdcd11
Q6NS57	Mapkbp1
Q6NS82	Fam134a
Q6NSQ7	Ltv1
Q6NSQ9	G6pc3
Q6NSR8	Npepl1
Q6NT99	Dusp23
Q6NV83	U2surp
Q6NVE8	Wdr44
Q6NVE9	Pptc7
Q6NVF0	Ocrl
Q6NVF4	Helb
Q6NVF9	Cpsf6
Q6NWV3	Ift122
Q6NWW9	Fndc3b
Q6NXI6	Rprd2
Q6NXJ0	Wwc2
Q6NZB0	Dnajc8
Q6NZC7	Sec23ip
Q6NZF1	Zc3h11a
Q6NZJ6	Eif4g1
Q6NZL8	Scube1
Q6NZM9	Hdac4
Q6NZN0	Rbm26
Q6NZQ2	Ddx31
Q6NZQ4	Paxip1
Q6NZQ6	Znf740
Q6P069	Sri
Q6P073	Ube2j2
Q6P1B1	Xpnpep1
Q6P1E1	Zmiz1
Q6P1F6	Ppp2r2a
Q6P1H1	Cyb561a3
Q6P1H6	Ankle2
Q6P1Y8	Inpp4b
Q6P2B1	Tnpo3
Q6P2K6	Smek1
Q6P2L6	Whsc1l1
Q6P2L7	Casc4
Q6P3A1	Stmnd1
Q6P3A8	Bckdhb
Q6P3A9	Arl11
Q6P3D0	Nudt16
Q6P3E7	Hdac10
Q6P4S8	Ints1
Q6P4T0	Atg2a
Q6P4T1	Snx19
Q6P4T2	Snrnp200
Q6P542	Abcf1
Q6P549	Inppl1
Q6P5B0	Rrp12
Q6P5C5	Smug1
Q6P5D3	Dhx57
Q6P5D4	Cep135
Q6P5D8	Smchd1
Q6P5E4	Uggt1
Q6P5E6	Gga2
Q6P5E8	Dgkq
Q6P5F6	Slc39a10
Q6P5F7	Ttyh3
Q6P5F9	Xpo1
Q6P5H2	Nes
Q6P6L0	Filip1l
Q6P6M7	Sepsecs
Q6P8H8	Alg8
Q6P8I4	Pcnp
Q6P8J7	Ckmt2
Q6P8X1	Snx6
Q6P8Y1	Capsl
Q6P9J5	Kank4
Q6P9J9	Ano6
Q6P9N1	Fam126a
Q6P9Q4	Fhod1
Q6P9Q6	Fkbp15
Q6P9R2	Oxsr1
Q6P9Z1	Smarcd3
Q6PA06	Atl2
Q6PAJ1	Bcr
Q6PAL8	Dennd5a
Q6PAM1	Txlna
Q6PAQ4	Rexo4
Q6PAR5	Gapvd1
Q6PAV2	Herc4
Q6PB44	Ptpn23
Q6PB66	Lrpprc
Q6PB93	Galnt2
Q6PCM2	Ints6
Q6PCN7	Hltf
Q6PCP5	Mff
Q6PD03	Ppp2r5a
Q6PD10	Ip6k1
Q6PD19	
Q6PD26	Pigs
Q6PD28	Ppp2r5b
Q6PDG5	Smarcc2
Q6PDH0	Phldb1
Q6PDI5	Ecm29
Q6PDI6	Fam63b
Q6PDJ1	Cachd1
Q6PDK2	Kmt2d
Q6PDL0	Dync1li2
Q6PDM2	Srsf1
Q6PDN3	Mylk
Q6PDQ2	Chd4
Q6PDY2	Ado
Q6PE01	Snrnp40
Q6PE15	Abhd10
Q6PEB6	Mob4
Q6PEE2	Ctif
Q6PER3	Mapre3
Q6PF93	Pik3c3
Q6PFD9	Nup98
Q6PFQ7	Rasa4
Q6PFR5	Tra2a
Q6PFY1	Fchsd1
Q6PGA0	Rcor3
Q6PGB6	Naa50
Q6PGC1	Dhx29
Q6PGF3	Med16
Q6PGF7	Exoc8
Q6PGG2	Gmip
Q6PGH1	Bud31
Q6PGH2	Hn1l
Q6PGL7	Fam21
Q6PHN9	Rab35
Q6PHQ8	Naa35
Q6PHS6	Snx13
Q6PHU5	Sort1
Q6PHZ2	Camk2d
Q6PHZ5	Rbm15b
Q6PIC6	Atp1a3
Q6PIE5	Atp1a2
Q6PIJ4	Nfrkb
Q6PIP5	Nudcd1
Q6PIU9	
Q6PIX5	Rhbdf1
Q6PJN8	Dalrd3
Q6PNC0	Dmxl1
Q6PR54	Rif1
Q6Q477	Atp2b4
Q6Q899	Ddx58
Q6QD59	Bnip1
Q6QI06	Rictor
Q6R891	Ppp1r9b
Q6RHR9	Magi1
Q6S5C2	Gnptg
Q6S5J6	Krit1
Q6TEK5	Vkorc1l1
Q6TXD4	Dnmbp
Q6TYB5	Fez2
Q6URW6	Myh14
Q6VGS5	Ccdc88c
Q6VH22	Ift172
Q6VN19	Ranbp10
Q6VNB8	Wdfy3
Q6VVW5	Npr2
Q6WKZ7	Nostrin
Q6WKZ8	Ubr2
Q6WVG3	Kctd12
Q6X893	Slc44a1
Q6Y5D8	Arhgap10
Q6Y685	Tacc1
Q6Y7W8	Gigyf2
Q6ZPE2	Sbf1
Q6ZPF4	Fmnl3
Q6ZPJ0	Tex2
Q6ZPJ3	Ube2o
Q6ZPQ6	Pitpnm2
Q6ZPR5	Smpd4
Q6ZPS6	Ankib1
Q6ZPT1	Klhl9
Q6ZPU9	Kbp
Q6ZPY2	Smg5
Q6ZPY7	Kdm3b
Q6ZPZ3	Zc3h4
Q6ZQ03	Fnbp4
Q6ZQ08	Cnot1
Q6ZQ18	Efr3b
Q6ZQ29	Taok2
Q6ZQ38	Cand1
Q6ZQ58	Larp1
Q6ZQ73	Cand2
Q6ZQ82	Arhgap26
Q6ZQ88	Kdm1a
Q6ZQ89	March6
Q6ZQ93	Usp34
Q6ZQA0	Nbeal2
Q6ZQB6	Ppip5k2
Q6ZQE4	Tmem194a
Q6ZQF7	Jade2
Q6ZQH8	Nup188
Q6ZQI3	Mlec
Q6ZQK5	Acap2
Q6ZQL4	Wdr43
Q6ZQM8	Ugt1a7c
Q6ZWM4	Lsm8
Q6ZWN5	Rps9
Q6ZWQ0	Syne2
Q6ZWQ7	Spcs3
Q6ZWR6	Syne1
Q6ZWU9	Rps27
Q6ZWV3	Rpl10
Q6ZWV7	Rpl35
Q6ZWX6	Eif2s1
Q6ZWY3	Rps27l
Q6ZWZ2	Ube2r2
Q70FJ1	Akap9
Q70IV5	Synm
Q71FD7	Fblim1
Q71KT5	Tm7sf2
Q71LX4	Tln2
Q71RI9	Ccbl2
Q75N62	Gimap8
Q75N73	Slc39a14
Q76LS9	Fam63a
Q76MZ3	Ppp2r1a
Q76N33	Stambpl1
Q78HU3	Mvb12a
Q78HU7	Gypc
Q78IK2	Usmg5
Q78IK4	Apool
Q78IQ7	Slc39a4
Q78IS1	Tmed3
Q78J03	Msrb2
Q78JE5	Fbxo22
Q78JT3	Haao
Q78JW9	Ubfd1
Q78PG9	Ccdc25
Q78PY7	Snd1
Q78RX3	Smim12
Q78T54	Vma21
Q78XF5	Ostc
Q78ZA7	Nap1l4
Q791T5	Mtch1
Q791V5	Mtch2
Q7JJ13	Brd2
Q7M6Y3	Picalm
Q7M6Z0	Rtn4rl2
Q7M757	C6.1al
Q7SIG6	Asap2
Q7TMA2	Znf503
Q7TMB8	Cyfip1
Q7TMC8	Fuk
Q7TMF3	Ndufa12
Q7TMI3	Uhrf2
Q7TMK6	Hook2
Q7TMK9	Syncrip
Q7TMM9	Tubb2a
Q7TMQ7	Wdr91
Q7TMR0	Prcp
Q7TMS5	Abcg2
Q7TMW6	Narfl
Q7TMY4	Thoc7
Q7TMY7	Ipo8
Q7TMY8	Huwe1
Q7TN29	Smap2
Q7TN79	Akap7
Q7TN98	Cpeb4
Q7TNC4	Luc7l2
Q7TNE3	Spag7
Q7TNG5	Eml2
Q7TNP2	Ppp2r1b
Q7TNS2	Minos1
Q7TNV0	Dek
Q7TPD0	Ints3
Q7TPD3	Robo2
Q7TPH6	Mycbp2
Q7TPM9	Mtmr10
Q7TPN9	Prr14
Q7TPQ3	Shprh
Q7TPR4	Actn1
Q7TPS5	C2cd5
Q7TPV4	Mybbp1a
Q7TPW1	Nexn
Q7TQ33	Rgmb
Q7TQ48	Srl
Q7TQ62	Podn
Q7TQ65	Tmc4
Q7TQ95	Lnp
Q7TQD2	Tppp
Q7TQE6	Tmem57
Q7TQF7	Amph
Q7TQG1	Plekha6
Q7TQH0	Atxn2l
Q7TQI0	Tmem204
Q7TQI3	Otub1
Q7TQJ1	Marveld1
Q7TQJ8	Wtip
Q7TQK1	Ints7
Q7TQK4	Exosc3
Q7TQK5	Ccdc93
Q7TS72	Itpkc
Q7TSC1	Prrc2a
Q7TSE6	Stk38l
Q7TSF4	Lrrc75a
Q7TSG2	Ctdp1
Q7TSG5	Sh3d21
Q7TSH2	Phkb
Q7TSI0	Znf12
Q7TSI1	Plekhm1
Q7TSI3	Ppp6r1
Q7TSK7	Adamtsl2
Q7TSQ8	Pdpr
Q7TST5	Lamp3
Q7TSV4	Pgm2
Q7TSY8	Sgol2
Q7TT18	Atf7ip
Q7TT23	
Q7TT37	Ikbkap
Q7TT50	Cdc42bpb
Q7TT52	Ppp1r14d
Q80ST9	Lca5
Q80SU7	Gvin1
Q80SW1	Ahcyl1
Q80SY3	Atp6v0d2
Q80SY4	Mib1
Q80SY5	Prpf38b
Q80SZ7	Gng5
Q80T21	Adamtsl4
Q80TA6	Mtmr12
Q80TA9	Epg5
Q80TE4	Sipa1l2
Q80TH2	Erbb2ip
Q80TI0	Gramd1b
Q80TJ7	Phf8
Q80TL7	Mon2
Q80TM9	Nisch
Q80TN4	Dnajc16
Q80TN5	Zdhhc17
Q80TP3	Ubr5
Q80TQ2	Cyld
Q80TQ5	Plekhm2
Q80TR8	Vprbp
Q80TS3	Lphn3
Q80TV8	Clasp1
Q80TY0	Fnbp1
Q80TY5	Vps13b
Q80U16	Fam65b
Q80U19	Daam2
Q80U28	Madd
Q80U30	Clec16a
Q80U35	Arhgef17
Q80U44	Zfyve16
Q80U49	Cep170b
Q80U56	Avl9
Q80U58	Pum2
Q80U63	Mfn2
Q80U70	Suz12
Q80U72	Scrib
Q80U78	Pum1
Q80U87	Usp8
Q80U93	Nup214
Q80U95	Ube3c
Q80UG2	Plxna4
Q80UG5	Sept9
Q80UJ7	Rab3gap1
Q80UK0	Sestd1
Q80UK8	Ints2
Q80UM3	Naa15
Q80UM7	Mogs
Q80UN1	Kctd9
Q80UP3	Dgkz
Q80UP5	Ankrd13a
Q80UP8	Slc20a2
Q80US4	Actr5
Q80UU1	Ankzf1
Q80UU9	Pgrmc2
Q80UW2	Fbxo2
Q80UW5	Cdc42bpg
Q80UW8	Polr2e
Q80UY1	
Q80UY2	Kcmf1
Q80UZ0	Fgd5
Q80UZ2	Sdad1
Q80V03	Adck5
Q80V26	Impad1
Q80V31	Cep104
Q80V42	Cpm
Q80V53	Chst14
Q80V70	Megf6
Q80V86	Ints8
Q80V94	Ap4e1
Q80VA0	Galnt7
Q80VC9	Camsap3
Q80VD1	Fam98b
Q80VI1	Trim56
Q80VJ2	Sra1
Q80VK6	Arhgef38
Q80VP0	Tecpr1
Q80VP1	Epn1
Q80VQ0	Aldh3b1
Q80VQ1	Lrrc1
Q80W00	Ppp1r10
Q80W04	Tmcc2
Q80W21	Gstm7
Q80W22	Thnsl2
Q80W37	Snupn
Q80W47	Wipi2
Q80W49	Crybg3
Q80W54	Zmpste24
Q80W68	Kirrel
Q80W93	Hydin
Q80WB5	Wdyhv1
Q80WC7	Agfg2
Q80WG5	Lrrc8a
Q80WJ7	Mtdh
Q80WQ2	Vac14
Q80WQ6	Rhbdf2
Q80WR1	Tspan18
Q80WS3	Fbll1
Q80WT5	Aftph
Q80WW9	Ddrgk1
Q80X19	Col14a1
Q80X41	Vrk1
Q80X50	Ubap2l
Q80X71	Tmem106b
Q80X73	Pelo
Q80X80	C2cd2l
Q80X82	Sympk
Q80X85	Mrps7
Q80X90	Flnb
Q80X95	Rraga
Q80XA6	Reps2
Q80XC2	Trmt61a
Q80XC3	Usp6nl
Q80XI3	Eif4g3
Q80XI4	Pip4k2b
Q80XI6	Map3k11
Q80XJ3	Ttc28
Q80XK6	Atg2b
Q80XL6	Acad11
Q80XP8	Fam76b
Q80XQ2	Tbc1d5
Q80XR2	Atp2c1
Q80XS6	Samd4b
Q80XU3	Nucks1
Q80Y14	Glrx5
Q80Y17	Llgl1
Q80Y24	Prickle2
Q80Y55	Bsdc1
Q80Y56	Zfyve20
Q80Y75	Dnajb13
Q80Y81	Elac2
Q80Y98	Ddhd2
Q80YA7	Dpp8
Q80YC5	F12
Q80YD1	Supv3l1
Q80YE7	Dapk1
Q80YQ2	Med23
Q80YQ8	Rmnd5a
Q80YR4	Znf598
Q80YR5	Safb2
Q80YS6	Afap1
Q80YT7	Pde4dip
Q80YV2	Zc3hc1
Q80YV3	Trrap
Q80YV4	Pank4
Q80YW0	Cyth4
Q80YW5	Bspry
Q80YX1	Tnc
Q80Z96	Vangl1
Q80ZI6	Lrsam1
Q80ZJ1	Rap2a
Q80ZJ6	Zer1
Q80ZJ8	Cracr2b
Q80ZK0	Mrps10
Q80ZK9	Wdtc1
Q80ZQ9	Fam206a
Q80ZS3	Mrps26
Q80ZU0	Arl5a
Q80ZU5	Ccdc181
Q80ZV0	Rnaseh2b
Q80ZW2	Them6
Q80ZX8	Spag1
Q810A7	Ddx42
Q810B6	Ankfy1
Q810D6	Grwd1
Q810J8	Zfyve1
Q810Q5	Nmes1
Q810S1	Ccdc109b
Q810U4	Nrcam
Q810U5	Ccdc50
Q810V0	Mphosph10
Q811D0	Dlg1
Q811G0	Bbs9
Q811I0	Atpaf1
Q811J3	Ireb2
Q811P8	Arhgap32
Q811S7	Ubp1
Q811U4	Mfn1
Q8BFP9	Pdk1
Q8BFQ4	Wdr82
Q8BFQ8	Pddc1
Q8BFR4	Gns
Q8BFR5	Tufm
Q8BFR6	Zfand1
Q8BFS6	Cpped1
Q8BFU3	Rnf214
Q8BFV2	Pcid2
Q8BFW4	Trim65
Q8BFW7	Lpp
Q8BFY6	Pef1
Q8BFY9	Tnpo1
Q8BFZ9	Erlin2
Q8BG05	Hnrnpa3
Q8BG07	Pld4
Q8BG15	Ctdspl2
Q8BG30	Nelfa
Q8BG32	Psmd11
Q8BG40	Katnb1
Q8BG51	Rhot1
Q8BG60	Txnip
Q8BG67	Efr3a
Q8BG73	Sh3bgrl2
Q8BG79	Cwf19l2
Q8BG81	Poldip3
Q8BG94	Commd7
Q8BG95	Ppp1r12b
Q8BGA5	Krr1
Q8BGA9	Oxa1l
Q8BGB2	Ttc7a
Q8BGB5	Limd2
Q8BGB7	Enoph1
Q8BGC0	Htatsf1
Q8BGC1	
Q8BGC4	Zadh2
Q8BGD4	Slco4c1
Q8BGD6	Slc38a9
Q8BGD9	Eif4b
Q8BGE6	Atg4b
Q8BGF3	Wdr92
Q8BGG7	Ubash3b
Q8BGH2	Samm50
Q8BGH7	Cdc42se2
Q8BGI5	Pex26
Q8BGK6	Slc7a6
Q8BGN2	D3Ertd751e
Q8BGN5	Nipal3
Q8BGQ1	Vipas39
Q8BGQ4	Pomt2
Q8BGQ7	Aars
Q8BGR2	Lrrc8d
Q8BGR6	Arl15
Q8BGR8	Gskip
Q8BGR9	Ublcp1
Q8BGS1	Epb41l5
Q8BGS2	Bola2
Q8BGS7	Cept1
Q8BGT0	Ostm1
Q8BGT1	Flrt3
Q8BGT6	Micall1
Q8BGT7	Smndc1
Q8BGU5	Ccny
Q8BGV0	Nars2
Q8BGV3	Tacstd2
Q8BGW1	Fto
Q8BGX0	Trim23
Q8BGX2	
Q8BGY4	Klhl26
Q8BGZ4	Cdc23
Q8BH04	Pck2
Q8BH15	Cnot10
Q8BH24	Tm9sf4
Q8BH35	C8b
Q8BH43	Wasf2
Q8BH44	Coro2b
Q8BH48	Ubap1
Q8BH55	Thnsl1
Q8BH57	Wdr48
Q8BH58	Tiprl
Q8BH59	Slc25a12
Q8BH60	Gopc
Q8BH61	F13a1
Q8BH64	Ehd2
Q8BH65	Dennd6a
Q8BH66	Atl1
Q8BH69	Sephs1
Q8BH73	Qpctl
Q8BH74	Nup107
Q8BH75	Rnf41
Q8BH79	Ano10
Q8BH86	
Q8BH95	Echs1
Q8BH97	Rcn3
Q8BH98	Mboat1
Q8BHA3	Dtd2
Q8BHB0	Nod1
Q8BHB4	Wdr3
Q8BHB9	Clic6
Q8BHC0	Lyve1
Q8BHC4	Dcakd
Q8BHC9	Fut11
Q8BHD7	Ptbp3
Q8BHE8	
Q8BHF7	Pgs1
Q8BHG1	Nrd1
Q8BHG2	
Q8BHG9	Cggbp1
Q8BHJ5	Tbl1xr1
Q8BHJ6	Serinc5
Q8BHJ9	Slu7
Q8BHK1	Nipa1
Q8BHL3	Tbc1d10b
Q8BHL4	Gprc5a
Q8BHL5	Elmo2
Q8BHL7	Cdc42se1
Q8BHL8	Psmf1
Q8BHN1	Txlng
Q8BHN3	Ganab
Q8BHN5	Rbm45
Q8BHS3	Rbm22
Q8BHS6	Armcx3
Q8BHT6	B3galtl
Q8BHT7	Rgp1
Q8BHW2	Oscp1
Q8BHY3	Ano1
Q8BHY8	Snx14
Q8BHZ0	Fam49a
Q8BHZ4	Znf592
Q8BI08	Mal2
Q8BI29	Sarg
Q8BI72	Cdkn2aip
Q8BI79	Ccdc40
Q8BI84	Mia3
Q8BIE6	Frmd4a
Q8BIF9	Znf787
Q8BIG7	Comtd1
Q8BIH0	Sap130
Q8BIJ6	Iars2
Q8BIJ7	Rufy1
Q8BIK4	Dock9
Q8BIL5	Hook1
Q8BIP0	Dars2
Q8BIQ5	Cstf2
Q8BIS8	Ccdc126
Q8BIW1	Prune
Q8BJ03	Cox15
Q8BJ05	Zc3h14
Q8BJ34	Marf1
Q8BJ48	Nagpa
Q8BJ56	Pnpla2
Q8BJ64	Chdh
Q8BJ71	Nup93
Q8BJ83	Tm2d3
Q8BJ90	Znf771
Q8BJA3	Hmbox1
Q8BJF9	Chmp2b
Q8BJH1	Zc2hc1a
Q8BJL1	Fbxo30
Q8BJM5	Slc30a6
Q8BJM7	Tyw1
Q8BJQ9	Csgalnact1
Q8BJS4	Sun2
Q8BJT9	Edem2
Q8BJU0	Sgta
Q8BJU2	Tspan9
Q8BJW6	Eif2a
Q8BJY1	Psmd5
Q8BJZ3	Tmbim1
Q8BJZ4	Mrps35
Q8BK03	Fam73b
Q8BK08	Tmem11
Q8BK48	Ces2e
Q8BK58	Hspbap1
Q8BK62	Olfml3
Q8BK63	Csnk1a1
Q8BK64	Ahsa1
Q8BK67	Rcc2
Q8BK72	Mrps27
Q8BK75	Elp6
Q8BKC5	Ipo5
Q8BKC8	Pi4kb
Q8BKE6	Cyp20a1
Q8BKE9	Ift74
Q8BKG3	Ptk7
Q8BKH7	Mapkap1
Q8BKI2	Tnrc6b
Q8BKJ9	Sirt7
Q8BKR5	Ppp1r37
Q8BKS9	Kiaa0020
Q8BKT3	Gcfc2
Q8BKT7	Thoc5
Q8BKU8	Tmem87b
Q8BKX1	Baiap2
Q8BKX6	Smg1
Q8BKZ9	Pdhx
Q8BL06	Usp54
Q8BL48	Unk
Q8BL65	Ablim2
Q8BL66	Eea1
Q8BL74	Gtf3c2
Q8BL80	Arhgap22
Q8BL86	Mblac2
Q8BL97	Srsf7
Q8BLB7	L3mbtl3
Q8BLF1	Nceh1
Q8BLJ3	Plcxd3
Q8BLK9	Rps6kc1
Q8BLN5	Lss
Q8BLR5	Psd4
Q8BLR9	Hif1an
Q8BLX4	Slc35c1
Q8BLY2	Tarsl2
Q8BLY7	Hps6
Q8BM39	Prpf18
Q8BM55	Tmem214
Q8BM72	Hspa13
Q8BM85	Tbck
Q8BM88	Ctso
Q8BMA3	Cnksr3
Q8BMA6	Srp68
Q8BMB3	Eif4e2
Q8BMC4	Nop9
Q8BMD5	Cdadc1
Q8BMD6	Tmem260
Q8BMD8	Slc25a24
Q8BMF3	Me3
Q8BMF4	Dlat
Q8BMG7	Rab3gap2
Q8BMG8	Slc25a32
Q8BMI0	Fbxo38
Q8BMI3	Gga3
Q8BMJ2	Lars
Q8BMJ3	Eif1ax
Q8BMK1	Mettl2
Q8BMK4	Ckap4
Q8BML1	Mical2
Q8BML9	Qars
Q8BMP6	Acbd3
Q8BMQ2	Gtf3c4
Q8BMQ8	Mon1b
Q8BMS1	Hadha
Q8BMS4	Coq3
Q8BMS9	Rassf2
Q8BMZ5	Tsen34
Q8BN21	Vrk2
Q8BN78	Zbtb33
Q8BN82	Slc17a5
Q8BND3	Wdr35
Q8BND5	Qsox1
Q8BNI4	Derl2
Q8BNU0	Armc6
Q8BNV1	Trmt2a
Q8BNW9	Kbtbd11
Q8BNY6	Ncs1
Q8BP01	Vmac
Q8BP27	Sfr1
Q8BP40	Acp6
Q8BP47	Nars
Q8BP48	Metap1
Q8BP56	Athl1
Q8BP67	Rpl24
Q8BP71	Rbfox2
Q8BP92	Rcn2
Q8BPA8	Dpcd
Q8BPB5	Efemp1
Q8BPG6	Sumf2
Q8BPM0	Daam1
Q8BPM2	Map4k5
Q8BPS4	Gpr180
Q8BPU7	Elmo1
Q8BQ30	Ppp1r18
Q8BQ47	Cnpy4
Q8BQM4	Heatr3
Q8BQN6	Znf146
Q8BQS4	Fam102b
Q8BQY8	Hus1
Q8BQZ4	Ralgapb
Q8BR63	Fam177a1
Q8BR65	Suds3
Q8BR70	Yipf6
Q8BR76	Tmem67
Q8BR90	
Q8BR92	Palm2
Q8BRC6	Maats1
Q8BRF7	Scfd1
Q8BRG8	Tmem209
Q8BRH0	Tmtc3
Q8BRK8	Prkaa2
Q8BRK9	Man2a2
Q8BRN9	Cc2d1b
Q8BRT1	Clasp2
Q8BRV5	Kiaa1671
Q8BS35	Agmo
Q8BS40	Cptp
Q8BS45	Ttc26
Q8BS95	Gpr89a
Q8BSD5	She
Q8BSE0	Rmdn2
Q8BSF4	Pisd
Q8BSK8	Rps6kb1
Q8BSL7	Arf2
Q8BSM7	Slc43a1
Q8BSN3	Ccdc151
Q8BSN5	Phf23
Q8BSQ9	Pbrm1
Q8BSS9	Ppfia2
Q8BST6	Peli2
Q8BSU7	Mob3a
Q8BSV3	Bend7
Q8BSY0	Asph
Q8BSZ2	Ap3s2
Q8BT14	Cnot4
Q8BT60	Cpne3
Q8BTH8	Csnk1g1
Q8BTI8	Srrm2
Q8BTI9	Pik3cb
Q8BTJ4	Enpp4
Q8BTM8	Flna
Q8BTS4	Nup54
Q8BTU1	Cfap20
Q8BTV1	Tusc3
Q8BTV2	Cpsf7
Q8BTW3	Exosc6
Q8BTW9	Pak4
Q8BTX9	Hsdl1
Q8BTY1	Ccbl1
Q8BTY2	Slc4a7
Q8BTY8	Scfd2
Q8BTZ4	Anapc5
Q8BTZ5	Ankrd46
Q8BTZ7	Gmppb
Q8BU00	Ikzf5
Q8BU03	Pwp2
Q8BU04	Ubr7
Q8BU14	Sec62
Q8BU30	Iars
Q8BU31	Rap2c
Q8BU33	Ilvbl
Q8BU85	Msrb3
Q8BU88	Mrpl22
Q8BUB4	Wdfy2
Q8BUE4	Aifm2
Q8BUK6	Hook3
Q8BUL6	Plekha1
Q8BUM3	Ptpn7
Q8BUR4	Dock1
Q8BUR9	Mzt1
Q8BUV3	Gphn
Q8BUV8	Gpr107
Q8BUY5	Timmdc1
Q8BUY9	Pggt1b
Q8BV13	Cops7b
Q8BV49	Pyhin1
Q8BV57	Ssc5d
Q8BVA2	Tmem222
Q8BVA4	Lmod1
Q8BVA5	
Q8BVC4	Ccdc68
Q8BVD5	Mpp7
Q8BVE3	Atp6v1h
Q8BVF2	Pdcl3
Q8BVF7	Aph1a
Q8BVG4	Dpp9
Q8BVI4	Qdpr
Q8BVI5	Stx16
Q8BVK9	Sp110
Q8BVL3	Snx17
Q8BVM9	Phf11a
Q8BVN8	Dnali1
Q8BVQ5	Ppme1
Q8BVR6	Rspry1
Q8BVU0	Lrch3
Q8BVU5	Nudt9
Q8BVW0	Ganc
Q8BVY0	Rsl1d1
Q8BVZ5	Il33
Q8BW10	Nob1
Q8BW22	Ss18l1
Q8BW41	Pomgnt2
Q8BW49	Ttc12
Q8BW75	Maob
Q8BW96	Camk1d
Q8BWA8	Arhgef19
Q8BWD8	Cdk19
Q8BWF0	Aldh5a1
Q8BWF2	Gimap5
Q8BWG8	Arrb1
Q8BWG9	Orai1
Q8BWH0	Slc38a7
Q8BWL5	Rbms3
Q8BWM0	Ptges2
Q8BWP8	B3gnt1
Q8BWQ6	
Q8BWR2	Pithd1
Q8BWR4	Usp40
Q8BWR8	Rhpn2
Q8BWS5	Gprin3
Q8BWT1	Acaa2
Q8BWT5	Dip2a
Q8BWU5	Osgep
Q8BWW4	Larp4
Q8BWW9	Pkn2
Q8BWY2	Clec1a
Q8BWY3	Etf1
Q8BWY7	Slc39a11
Q8BWZ3	Naa25
Q8BX02	Kank2
Q8BX07	Ctdsp2
Q8BX09	Rbbp5
Q8BX10	Pgam5
Q8BX17	Gemin5
Q8BX57	Pxk
Q8BX70	Vps13c
Q8BX90	Fndc3a
Q8BX94	Osbpl2
Q8BXA1	Golim4
Q8BXA5	Clptm1l
Q8BXC6	Commd2
Q8BXG3	Ift57
Q8BXK8	Agap1
Q8BXK9	Clic5
Q8BXL7	Arfrp1
Q8BXN9	Tmem87a
Q8BXQ2	Pigt
Q8BXR5	Nalcn
Q8BXR9	Osbpl6
Q8BXV2	Bri3bp
Q8BXZ1	Tmx3
Q8BY35	Fgd2
Q8BY87	Usp47
Q8BY89	Slc44a2
Q8BYA0	Tbcd
Q8BYB9	Poglut1
Q8BYC6	Taok3
Q8BYH7	Tbc1d17
Q8BYI6	Lpcat2
Q8BYJ6	Tbc1d4
Q8BYK6	Ythdf3
Q8BYM7	Rsph4a
Q8BYM8	Cars2
Q8BYN3	Itpk1
Q8BYP3	Rhof
Q8BYR2	Lats1
Q8BYR5	Cadps2
Q8BYU6	Tor1aip2
Q8BYW1	Arhgap25
Q8BYW9	Eogt
Q8BYY4	Ttc39b
Q8BYZ1	Abi3
Q8BYZ7	Elmo3
Q8BZ03	Prkd2
Q8BZ20	Parp12
Q8BZ32	Asxl2
Q8BZ36	Rint1
Q8BZ60	Ston2
Q8BZ98	Dnm3
Q8BZA9	Tigar
Q8BZF8	Pgm5
Q8BZH4	Pogz
Q8BZI0	Afap1l1
Q8BZM1	Glmn
Q8BZN6	Dock10
Q8BZQ2	Crispld2
Q8BZQ7	Anapc2
Q8BZR9	
Q8BZS9	Dhx32
Q8BZT9	Lacc1
Q8BZW8	Nhlrc2
Q8BZX4	Srek1
Q8BZZ3	Wwp1
Q8C006	Trim35
Q8C025	Chpt1
Q8C033	Arhgef10
Q8C050	Rps6ka5
Q8C052	Map1s
Q8C078	Camkk2
Q8C079	Strip1
Q8C080	Snx16
Q8C092	Taf5
Q8C0C0	Zhx2
Q8C0C7	Farsa
Q8C0D5	Eftud1
Q8C0E2	Vps26b
Q8C0E3	Trim47
Q8C0I1	Agps
Q8C0J2	Atg16l1
Q8C0J6	Sowahc
Q8C0L0	Tmx4
Q8C0L6	Paox
Q8C0L8	Cog5
Q8C0L9	Gpcpd1
Q8C0M0	Wdr59
Q8C0M8	Dnai1
Q8C0M9	Asrgl1
Q8C0P5	Coro2a
Q8C0Q2	Zhx3
Q8C0Q9	Rapgef5
Q8C0R9	Lrrd1
Q8C0S1	Dis3l
Q8C0S4	Ttc21a
Q8C0T5	Sipa1l1
Q8C0V9	Frmd6
Q8C0Z1	Itfg3
Q8C115	Plekhh2
Q8C119	Ndnf
Q8C129	Lnpep
Q8C142	Ldlrap1
Q8C147	Dock8
Q8C163	Exog
Q8C165	Pm20d1
Q8C166	Cpne1
Q8C170	Myo9a
Q8C172	Cers6
Q8C176	Taf2
Q8C196	Cps1
Q8C1A5	Thop1
Q8C1B1	Camsap2
Q8C1B7	Sept11
Q8C1D8	Iws1
Q8C1E7	Tmem120a
Q8C1F4	Csgalnact2
Q8C1W1	Vash1
Q8C1Y8	Ccz1
Q8C1Z7	Bbs4
Q8C255	Dpep2
Q8C2A2	Tsen54
Q8C2B3	Hdac7
Q8C2E4	Ptcd1
Q8C2E7	Kiaa0196
Q8C2K1	Def6
Q8C2K5	Rasal3
Q8C2Q3	Rbm14
Q8C310	Robo4
Q8C3B8	Rft1
Q8C3F2	Fam120c
Q8C3I8	Hgh1
Q8C3J5	Dock2
Q8C3P7	Mettl3
Q8C3R1	Brat1
Q8C3S2	Tango6
Q8C3W1	
Q8C3X2	Ccdc90b
Q8C3X8	Lmf2
Q8C3Y4	Kntc1
Q8C407	Yipf4
Q8C460	Eri3
Q8C4B4	Unc119b
Q8C4J7	Tbl3
Q8C4Q6	Aida
Q8C4U3	Sfrp1
Q8C4V1	Arhgap24
Q8C4X2	Csnk1g3
Q8C4Y3	Nelfb
Q8C522	Endod1
Q8C547	Heatr5b
Q8C561	Lmbrd2
Q8C570	Rae1
Q8C5H8	Nadk2
Q8C5K5	
Q8C5L3	Cnot2
Q8C5L6	Inpp5k
Q8C5L7	Rbm34
Q8C5N3	Cwc22
Q8C5P5	Nt5dc1
Q8C5Q4	Grsf1
Q8C5W3	Tbcel
Q8C650	Sept10
Q8C6B2	Rtkn
Q8C6E0	Ccdc104
Q8C6G8	Wdr26
Q8C6I2	Sdhaf2
Q8C6M1	Usp20
Q8C6U2	Pqlc3
Q8C726	Btbd9
Q8C729	Fam126b
Q8C754	Vps52
Q8C790	Fam221a
Q8C7E7	Stbd1
Q8C7E9	Cstf2t
Q8C7H1	Mmaa
Q8C7K6	Pcyox1l
Q8C7R4	Uba6
Q8C7U1	N4bp3
Q8C7V3	Utp15
Q8C7V8	Ccdc134
Q8C7X2	Emc1
Q8C827	Zfp62
Q8C838	Tusc5
Q8C854	Myef2
Q8C863	Itch
Q8C878	Uba3
Q8C8R3	Ank2
Q8C8U0	Ppfibp1
Q8C996	Tmem163
Q8C9B9	Dido1
Q8C9S4	Ccdc186
Q8C9S8	Atg4a
Q8C9X6	Epc1
Q8CA72	Gan
Q8CAA7	Pgm2l1
Q8CAB8	Gatsl2
Q8CAE3	Kcnmb1
Q8CAF4	Nhsl1
Q8CAK1	Iba57
Q8CAK3	
Q8CAQ8	Immt
Q8CAS9	Parp9
Q8CAY6	Acat2
Q8CB44	Gramd4
Q8CB77	Tceb3
Q8CB96	Rassf4
Q8CBA2	Slfn5
Q8CBC4	Cnst
Q8CBE3	Wdr37
Q8CBG9	Rnf170
Q8CBQ5	Pi4k2b
Q8CBW3	Abi1
Q8CBY1	Samd4a
Q8CBY8	Dctn4
Q8CC35	Synpo
Q8CC70	9230110C19Rik
Q8CC86	Naprt
Q8CC88	Vwa8
Q8CCB4	Vps53
Q8CCF0	Prpf31
Q8CCH2	Nhlrc3
Q8CCJ3	Ufl1
Q8CCJ9	Phf20l1
Q8CCK0	H2afy2
Q8CCN5	Bcas3
Q8CCP0	Nemf
Q8CCS6	Pabpn1
Q8CD10	Micu2
Q8CD26	Slc35e1
Q8CDA1	Inpp5f
Q8CDG3	Vcpip1
Q8CDJ3	Atg14
Q8CDJ8	Ston1
Q8CDM8	Fam160b1
Q8CDN6	Txnl1
Q8CDN9	Lrrc9
Q8CE50	Snx30
Q8CE90	Map2k7
Q8CE96	Trmt6
Q8CEC0	Nup88
Q8CEC6	Ppwd1
Q8CEE7	Rdh13
Q8CEI1	Bola3
Q8CEZ4	
Q8CF89	Tab1
Q8CFA2	Amt
Q8CFB4	Gbp5
Q8CFC7	Clasrp
Q8CFD4	Snx8
Q8CFE2	
Q8CFE3	Rcor1
Q8CFE4	Scyl2
Q8CFE6	Slc38a2
Q8CFH6	Sik2
Q8CFI0	Nedd4l
Q8CFI2	Cdc34
Q8CFI5	Pars2
Q8CFI7	Polr2b
Q8CFJ7	Slc25a45
Q8CFJ9	Wdr24
Q8CFN5	Mef2c
Q8CFQ3	Aqr
Q8CFV9	Rfk
Q8CFW7	Cc2d2a
Q8CFX1	H6pd
Q8CFZ4	Gpc3
Q8CG03	Pde5a
Q8CG14	C1sa
Q8CG16	C1ra
Q8CG19	Ltbp1
Q8CG47	Smc4
Q8CG48	Smc2
Q8CG50	Rab43
Q8CG70	Leprel2
Q8CG72	Adprhl2
Q8CG73	Rpgrip1l
Q8CG76	Akr7a2
Q8CG79	Tp53bp2
Q8CG85	Mamdc2
Q8CGA0	Ppm1f
Q8CGA3	Slc43a2
Q8CGB3	Uaca
Q8CGB6	Tenc1
Q8CGC6	Rbm28
Q8CGC7	Eprs
Q8CGE9	Rgs12
Q8CGF1	Arhgap29
Q8CGF6	Wdr47
Q8CGF7	Tcerg1
Q8CGK3	Lonp1
Q8CGN5	Plin1
Q8CGP2	Hist1h2bp
Q8CGQ8	Slc24a4
Q8CGU1	Calcoco1
Q8CGY8	Ogt
Q8CGZ0	Cherp
Q8CH02	Sugp1
Q8CH18	Ccar1
Q8CH25	Sltm
Q8CH72	Trim32
Q8CH77	Nav1
Q8CHC4	Synj1
Q8CHG3	Gcc2
Q8CHG7	Rapgef2
Q8CHH9	Sept8
Q8CHI8	Ep400
Q8CHK3	Mboat7
Q8CHP5	Wibg
Q8CHP8	Pgp
Q8CHQ0	Fbxo4
Q8CHS8	Vps37a
Q8CHT0	Aldh4a1
Q8CHT1	Ngef
Q8CHT3	Ints5
Q8CHU3	Epn2
Q8CHW4	Eif2b5
Q8CHX7	Rftn2
Q8CHY3	Dym
Q8CHY6	Gatad2a
Q8CI04	Cog3
Q8CI08	Slain2
Q8CI11	Gnl3
Q8CI12	Smtnl2
Q8CI15	Sphk1
Q8CI32	Bag5
Q8CI33	Cwf19l1
Q8CI51	Pdlim5
Q8CI59	Steap3
Q8CI70	Lrrc20
Q8CI71	Ccdc132
Q8CI75	Dis3l2
Q8CI94	Pygb
Q8CI95	Osbpl11
Q8CIB5	Fermt2
Q8CIE6	Copa
Q8CIF4	Btd
Q8CIF6	Sidt2
Q8CIG8	Prmt5
Q8CIG9	Fbxl8
Q8CIH5	Plcg2
Q8CII2	Cdc123
Q8CIM1	Lrrc45
Q8CIM3	D2hgdh
Q8CIM5	Gpr84
Q8CIM7	Cyp2d26
Q8CIM8	Ints4
Q8CIN4	Pak2
Q8CIP4	Mark4
Q8CIS0	Card11
Q8CIV2	Tmem259
Q8CIV8	Tbce
Q8CIZ8	Vwf
Q8CJ19	Mical3
Q8CJ26	Nradd
Q8CJ40	Crocc
Q8CJ53	Trip10
Q8CJ61	Cmtm4
Q8CJ69	Bmper
Q8CJ96	Rassf8
Q8CJG0	Ago2
Q8CJG1	Ago1
Q8CJH3	Plxnb1
Q8HWB0	Mr1
Q8JZK9	Hmgcs1
Q8JZL3	Thtpa
Q8JZM0	Tfb1m
Q8JZM7	Cdc73
Q8JZM8	Muc4
Q8JZN5	Acad9
Q8JZQ2	Afg3l2
Q8JZQ9	Eif3b
Q8JZR0	Acsl5
Q8JZU2	Slc25a1
Q8JZU6	Pxdc1
Q8JZV7	Amdhd2
Q8JZX4	Rbm17
Q8JZX9	Cdc42ep2
Q8JZY2	Commd10
Q8JZZ7	Lphn2
Q8K009	Aldh1l2
Q8K010	Oplah
Q8K012	Fnbp1l
Q8K019	Bclaf1
Q8K021	Scamp1
Q8K031	Stard8
Q8K045	Pkn3
Q8K057	Ift80
Q8K064	Fam174b
Q8K072	Reep4
Q8K0B2	Lmbrd1
Q8K0C1	Ipo13
Q8K0C4	Cyp51a1
Q8K0C8	Cox19
Q8K0C9	Gmds
Q8K0D0	Cdk17
Q8K0D5	Gfm1
Q8K0E8	Fgb
Q8K0F1	Tbc1d23
Q8K0G5	Tssc1
Q8K0G8	Esrp2
Q8K0H5	Taf10
Q8K0L9	Zbtb20
Q8K0Q5	Arhgap18
Q8K0T0	Rtn1
Q8K0T2	Dync2li1
Q8K0U4	Hspa12a
Q8K0V2	Dcun1d3
Q8K0V4	Cnot3
Q8K0Z7	Taco1
Q8K114	Ints9
Q8K120	Nfatc4
Q8K124	Plekho2
Q8K135	Kiaa0319l
Q8K157	Galm
Q8K182	C8a
Q8K183	Pdxk
Q8K1A5	Tmem41b
Q8K1A6	Cc2d1a
Q8K1B8	Fermt3
Q8K1B9	Galnt18
Q8K1E0	Stx5
Q8K1E6	Alkbh3
Q8K1G2	Evc2
Q8K1H1	Tdrd7
Q8K1I7	Wipf1
Q8K1J5	Sde2
Q8K1J6	Trnt1
Q8K1L5	Ppp1r11
Q8K1M6	Dnm1l
Q8K1N1	Pnpla8
Q8K1N2	Phldb2
Q8K1N4	Spats2
Q8K1R3	Pnpt1
Q8K1R7	Nek9
Q8K1X1	Wdr11
Q8K1X4	Nckap1l
Q8K1Y2	Prkd3
Q8K1Z0	Coq9
Q8K202	Polr1e
Q8K207	
Q8K211	Slc31a1
Q8K212	Pacs1
Q8K215	Lyrm4
Q8K221	Arfip2
Q8K224	Nat10
Q8K245	Uvrag
Q8K262	Plac9
Q8K268	Abcf3
Q8K274	Fn3krp
Q8K284	Gtf3c1
Q8K296	Mtmr3
Q8K297	Colgalt1
Q8K2A1	Gulp1
Q8K2B0	Leprel4
Q8K2B3	Sdha
Q8K2C6	Sirt5
Q8K2C7	Os9
Q8K2C9	ptplad1
Q8K2D3	Edc3
Q8K2F0	Brd3
Q8K2F8	Lsm14a
Q8K2G4	Bbs7
Q8K2H1	Pphln1
Q8K2H2	Otud6b
Q8K2H4	Acap1
Q8K2I1	Fntb
Q8K2I3	Fmo2
Q8K2I4	Manba
Q8K2J7	Rell1
Q8K2K6	Agfg1
Q8K2L8	Trappc12
Q8K2M0	Mrpl38
Q8K2P1	Lurap1l
Q8K2P6	Rfesd
Q8K2Q0	Commd9
Q8K2Q7	Brox
Q8K2Q9	Kiaa1598
Q8K2T1	Nmral1
Q8K2T4	
Q8K2T8	Paf1
Q8K2V1	Ppp4r1
Q8K2V6	Ipo11
Q8K2X3	Obfc1
Q8K2Y7	Mrpl47
Q8K2Y9	Ccm2
Q8K2Z2	Prpf39
Q8K2Z4	Ncapd2
Q8K2Z8	Ube2q2
Q8K301	Ddx52
Q8K304	Tmem129
Q8K310	Matr3
Q8K327	Champ1
Q8K330	Ssh3
Q8K337	Inpp5b
Q8K352	Sash3
Q8K353	Cystm1
Q8K354	Cbr3
Q8K363	Ddx18
Q8K370	Acad10
Q8K371	Amotl2
Q8K382	Dennd1a
Q8K394	Plcl2
Q8K3A0	Hscb
Q8K3A9	Mepce
Q8K3B1	Fbxo45
Q8K3C3	Lzic
Q8K3D3	Swi5
Q8K3G5	Vrk3
Q8K3G9	Appl2
Q8K3H0	Appl1
Q8K3I4	Myrip
Q8K3J1	Ndufs8
Q8K3K7	Agpat2
Q8K3P5	Cnot6
Q8K3W0	Bre
Q8K3W3	Casc3
Q8K3X4	Irf2bpl
Q8K3Z9	Pom121
Q8K400	Stxbp5
Q8K409	Polb
Q8K411	Pitrm1
Q8K426	Retnlg
Q8K440	Abca8b
Q8K441	Abca6
Q8K448	Abca5
Q8K449	Abca9
Q8K482	Emilin2
Q8K4B0	Mta1
Q8K4B2	Irak3
Q8K4F5	Abhd11
Q8K4G1	Ltbp4
Q8K4G5	Ablim1
Q8K4I3	Arhgef6
Q8K4J6	Mkl1
Q8K4L0	Ddx54
Q8K4L3	Svil
Q8K4L4	Pof1b
Q8K4M5	Commd1
Q8K4P0	Wdr33
Q8K4Q0	Rptor
Q8K4Q7	Cerk
Q8K4Q8	Colec12
Q8K4R4	Pitpnc1
Q8K4X7	Agpat4
Q8K4Z3	Apoa1bp
Q8K4Z5	Sf3a1
Q8K558	Treml1
Q8N7N5	Dcaf8
Q8QZR5	Gpt
Q8QZS1	Hibch
Q8QZT1	Acat1
Q8QZT2	Ccsap
Q8QZT4	Crb3
Q8QZV7	Asun
Q8QZY1	Eif3l
Q8QZY6	Tspan14
Q8QZY9	Sf3b4
Q8QZZ7	Tprkb
Q8QZZ8	Rab38
Q8R001	Mapre2
Q8R010	Aimp2
Q8R015	Bloc1s5
Q8R016	Blmh
Q8R050	Gspt1
Q8R059	Gale
Q8R071	Itpka
Q8R081	Hnrnpl
Q8R086	Suox
Q8R088	Golph3l
Q8R0A0	Gtf2f2
Q8R0A7	Kiaa0513
Q8R0C0	Polr3gl
Q8R0F3	Sumf1
Q8R0F5	Rbmx2
Q8R0F6	Ilkap
Q8R0F8	Fahd1
Q8R0F9	Sec14l4
Q8R0G7	Spns1
Q8R0G9	Nup133
Q8R0H9	Gga1
Q8R0J4	Tmem134
Q8R0J7	Vps37b
Q8R0L9	Tada3
Q8R0N6	Adhfe1
Q8R0P4	Aamdc
Q8R0S2	Iqsec1
Q8R0W0	Eppk1
Q8R0X7	Sgpl1
Q8R0Y6	Aldh1l1
Q8R0Y8	Slc25a42
Q8R105	Vps37c
Q8R123	Flad1
Q8R124	Klhl36
Q8R127	Sccpdh
Q8R138	Tmem119
Q8R143	Pttg1ip
Q8R146	Apeh
Q8R151	Znfx1
Q8R164	Bphl
Q8R180	Ero1l
Q8R1A4	Dock7
Q8R1B4	Eif3c
Q8R1F0	D8Ertd738e
Q8R1F1	Fam129b
Q8R1F6	Hid1
Q8R1G2	Cmbl
Q8R1G6	Pdlim2
Q8R1H0	Hopx
Q8R1I1	Uqcr10
Q8R1K1	Ubac2
Q8R1K4	Phykpl
Q8R1N0	Znf830
Q8R1N4	Nudcd3
Q8R1P4	Atg10
Q8R1Q8	Dync1li1
Q8R1S0	Coq6
Q8R1S4	Mtss1
Q8R1T1	Chmp7
Q8R1U1	Cog4
Q8R1V4	Tmed4
Q8R1X6	Spg20
Q8R1Z9	Rnf121
Q8R242	Ctbs
Q8R2E9	Ero1lb
Q8R2G4	Art3
Q8R2H9	Phospho1
Q8R2K1	Fuom
Q8R2M2	Dnttip2
Q8R2N2	Cirh1a
Q8R2P1	Klhl25
Q8R2Q4	Gfm2
Q8R2Q8	Bst2
Q8R2S8	Cd177
Q8R2S9	Actr8
Q8R2T8	Gtf3c5
Q8R2U0	Seh1l
Q8R2U6	Nudt4
Q8R2W9	Pank3
Q8R2Y0	Abhd6
Q8R2Y2	Mcam
Q8R2Y8	Ptrh2
Q8R2Z5	Vwa1
Q8R307	Vps18
Q8R310	Tmcc3
Q8R313	Exoc6
Q8R317	Ubqln1
Q8R323	Rfc3
Q8R326	Pspc1
Q8R332	Nupl1
Q8R344	Ccdc12
Q8R349	Cdc16
Q8R361	Rab11fip5
Q8R366	Igsf8
Q8R370	Ushbp1
Q8R395	Commd5
Q8R3B1	Plcd1
Q8R3B7	Brd8
Q8R3C0	Mcmbp
Q8R3C6	Rbm19
Q8R3D1	Tbc1d13
Q8R3E3	Wipi1
Q8R3F5	Mcat
Q8R3F9	Tut1
Q8R3G1	Ppp1r8
Q8R3G9	Tspan8
Q8R3H7	Hs2st1
Q8R3H9	Ttc4
Q8R3I3	Cog6
Q8R3K3	Ptcd2
Q8R3L5	Slco3a1
Q8R3N1	Nop14
Q8R3N6	Thoc1
Q8R3P0	Aspa
Q8R3P7	Cluap1
Q8R3Q0	Saraf
Q8R3Q2	Ppp6r2
Q8R3Q6	Ccdc58
Q8R3S6	Exoc1
Q8R3T5	Stxbp6
Q8R3U1	Pla2g16
Q8R3V5	Sh3glb2
Q8R3V6	Cuedc1
Q8R3Y8	Irf2bp1
Q8R409	Hexim1
Q8R411	Myct1
Q8R418	Dicer1
Q8R420	Abca3
Q8R422	Cd109
Q8R460	Il36g
Q8R480	Nup85
Q8R4C2	Rufy2
Q8R4H2	Arhgef12
Q8R4H9	Slc30a5
Q8R4K2	Irak4
Q8R4N0	Clybl
Q8R4R6	Nup35
Q8R4S0	Ppp1r14c
Q8R4U7	Luzp1
Q8R4X3	Rbm12
Q8R4Y4	Stab1
Q8R4Y8	Rttn
Q8R502	Lrrc8c
Q8R527	Rhoq
Q8R550	Sh3kbp1
Q8R570	Snap47
Q8R574	Prpsap2
Q8R5A3	Apbb1ip
Q8R5A6	Tbc1d22a
Q8R5C5	Actr1b
Q8R5F3	Oard1
Q8R5F7	Ifih1
Q8R5F8	Eps8l1
Q8R5G7	Arap3
Q8R5H1	Usp15
Q8R5J9	Arl6ip5
Q8R5K2	Usp33
Q8R5L3	Vps39
Q8R5M8	Cadm1
Q8VBT0	Tmx1
Q8VBT6	Apobr
Q8VBT9	Aspscr1
Q8VBV3	Exosc2
Q8VBV7	Cops8
Q8VBW6	Nae1
Q8VBX0	Asb13
Q8VBX6	Mpdz
Q8VBZ3	Clptm1
Q8VC03	Eml3
Q8VC04	Tmem106a
Q8VC16	Lrrc14
Q8VC19	Alas1
Q8VC28	Akr1c13
Q8VC30	Dak
Q8VC31	Ccdc9
Q8VC42	Mic1
Q8VC65	Nrm
Q8VC70	Rbms2
Q8VC88	Gca
Q8VCA6	Tmem161a
Q8VCA8	Scrn2
Q8VCB1	Ndc1
Q8VCB2	Med25
Q8VCC1	Hpgd
Q8VCC2	Ces1
Q8VCC8	Rapgef3
Q8VCC9	Spon1
Q8VCD5	Med17
Q8VCE2	Gpn1
Q8VCF0	Mavs
Q8VCF1	Cant1
Q8VCG4	C8g
Q8VCH5	Rabepk
Q8VCH6	Dhcr24
Q8VCH7	Rdh10
Q8VCH8	Ubxn4
Q8VCI0	Plbd1
Q8VCI5	Pex19
Q8VCJ6	Mrgprf
Q8VCL2	Sco2
Q8VCM3	Zfyve21
Q8VCM5	Mul1
Q8VCM7	Fgg
Q8VCM8	Ncln
Q8VCN9	Tbcc
Q8VCP9	Clec14a
Q8VCQ6	Sgms1
Q8VCR7	Abhd14b
Q8VCS3	Fam20b
Q8VCT3	Rnpep
Q8VCT4	Ces1d
Q8VCV1	Abhd17c
Q8VCW4	Unc93b1
Q8VCW8	Acsf2
Q8VCX5	Micu1
Q8VCZ6	Sgsm3
Q8VD04	Gripap1
Q8VD26	Tmem143
Q8VD31	Tapbpl
Q8VD57	Sft2d2
Q8VD58	Evi2b
Q8VD65	Pik3r4
Q8VD66	Abhd4
Q8VD72	Ttc8
Q8VD75	Hip1
Q8VDB2	Alg12
Q8VDC0	Lars2
Q8VDC1	Fyco1
Q8VDD5	Myh9
Q8VDD8	Wash1
Q8VDF3	Dapk2
Q8VDG3	Parn
Q8VDG5	Ppcs
Q8VDG7	Pafah2
Q8VDH1	Fbxo21
Q8VDI7	Ubac1
Q8VDI9	Alg9
Q8VDJ3	Hdlbp
Q8VDK1	Nit1
Q8VDL4	Adpgk
Q8VDM1	Zgpat
Q8VDM4	Psmd2
Q8VDM6	Hnrnpul1
Q8VDN2	Atp1a1
Q8VDN4	Ccdc92
Q8VDP2	
Q8VDP3	Mical1
Q8VDP4	Ccar2
Q8VDP6	Cdipt
Q8VDQ1	Ptgr2
Q8VDQ8	Sirt2
Q8VDR9	Dock6
Q8VDS4	Rprd1a
Q8VDS8	Stx18
Q8VDT9	Mrpl50
Q8VDU5	Snrk
Q8VDW0	Ddx39a
Q8VDY9	Caap1
Q8VDZ4	Zdhhc5
Q8VE11	Mtmr6
Q8VE18	Smg8
Q8VE19	Mios
Q8VE22	Mrps23
Q8VE37	Rcc1
Q8VE47	Uba5
Q8VE62	Paip1
Q8VE70	Pdcd10
Q8VE73	Cul7
Q8VE80	Thoc3
Q8VE88	Fam114a2
Q8VE91	Fam134b
Q8VE92	Rbm4b
Q8VE95	
Q8VE96	Slc35f6
Q8VE97	Srsf4
Q8VE98	Cd276
Q8VE99	Ccdc115
Q8VEA8	Rab7b
Q8VEB1	Grk5
Q8VEB2	Sav1
Q8VEB4	Pla2g15
Q8VED2	Bloc1s4
Q8VED9	Lgalsl
Q8VEE0	Rpe
Q8VEE1	Lmcd1
Q8VEE4	Rpa1
Q8VEF1	Gramd1a
Q8VEG4	Exd2
Q8VEH3	Arl8a
Q8VEH5	Epm2aip1
Q8VEH8	Erlec1
Q8VEJ9	Vps4a
Q8VEK0	Tmem30a
Q8VEK3	Hnrnpu
Q8VEL0	Mospd1
Q8VEL9	Rem2
Q8VEM8	Slc25a3
Q8VH51	Rbm39
Q8VHC3	Selm
Q8VHE0	Sec63
Q8VHE6	Dnah5
Q8VHH5	Agap3
Q8VHI3	Pofut2
Q8VHJ5	Mark1
Q8VHK1	Caskin2
Q8VHK9	Dhx36
Q8VHL0	Slc14a1
Q8VHL1	Setd7
Q8VHN8	Nudt16l1
Q8VHQ9	Acot11
Q8VHR0	Pcdh18
Q8VHR5	Gatad2b
Q8VHX6	Flnc
Q8VHY0	Cspg4
Q8VI33	Taf9
Q8VI36	Pxn
Q8VI56	Lrp4
Q8VI63	Mob2
Q8VI75	Ipo4
Q8VI84	Noc3l
Q8VI93	Oas3
Q8VI94	Oasl1
Q8VIJ6	Sfpq
Q8VIM9	Irgq
Q8WTY4	Ciapin1
Q8WUR0	
Q91UZ5	Impa2
Q91V01	Lpcat3
Q91V04	Tram1
Q91V08	Clec2d
Q91V09	Wdr13
Q91V12	Acot7
Q91V24	Abca7
Q91V36	Nrbp2
Q91V41	Rab14
Q91V61	Sfxn3
Q91V64	Isoc1
Q91V76	
Q91V81	Rbm42
Q91V88	Npnt
Q91V92	Acly
Q91VA0	Acsm1
Q91VA6	Poldip2
Q91VB4	Hps3
Q91VC3	Eif4a3
Q91VC4	Plvap
Q91VC7	Ppp1r14a
Q91VC9	Ghitm
Q91VD9	Ndufs1
Q91VE0	Slc27a4
Q91VE6	Nifk
Q91VF2	Hnmt
Q91VF5	Emid1
Q91VH2	Snx9
Q91VH6	Memo1
Q91VI7	Rnh1
Q91VJ2	Prkcdbp
Q91VJ4	Stk38
Q91VK1	Bzw2
Q91VK4	Itm2c
Q91VL9	Zbtb1
Q91VM3	Wdr45
Q91VM4	Spns2
Q91VM5	Rbmxl1
Q91VM9	Ppa2
Q91VN4	Chchd6
Q91VN6	Ddx41
Q91VR2	Atp5c1
Q91VR5	Ddx1
Q91VR7	Map1lc3a
Q91VR8	Brk1
Q91VS7	Mgst1
Q91VS8	Farp2
Q91VT4	Cbr4
Q91VT8	Smim14
Q91VU0	Fam3c
Q91VU6	Dcaf11
Q91VU7	Pus7
Q91VV4	Dennd2d
Q91VW3	Sh3bgrl3
Q91VW5	Golga4
Q91VW9	Zkscan3
Q91VX2	Ubap2
Q91VX9	Tmem168
Q91VY9	Znf622
Q91VZ6	Smap1
Q91W10	Slc39a8
Q91W18	Tdrd3
Q91W29	Cox4i2
Q91W34	
Q91W36	Usp3
Q91W39	Ncoa5
Q91W40	Klc3
Q91W50	Csde1
Q91W53	Golga7
Q91W59	Rbms1
Q91W67	Ubl7
Q91W69	Epn3
Q91W78	Usb1
Q91W86	Vps11
Q91W89	Man2c1
Q91W90	Txndc5
Q91W92	Cdc42ep1
Q91W96	Anapc4
Q91W97	Hkdc1
Q91W98	Slc15a4
Q91WA6	Sharpin
Q91WB4	Plekhf2
Q91WB7	Ubtd1
Q91WC0	Setd3
Q91WC9	Daglb
Q91WD0	Gpr108
Q91WD5	Ndufs2
Q91WE1	Snx15
Q91WE2	Fam192a
Q91WE4	
Q91WF3	Adcy4
Q91WF7	Fig4
Q91WG2	Rabep2
Q91WG4	Elp2
Q91WG5	Prkag2
Q91WG8	Gne
Q91WJ7	Spats2l
Q91WJ8	Fubp1
Q91WK0	Lrrfip2
Q91WK1	Spryd4
Q91WK2	Eif3h
Q91WK5	Gcsh
Q91WL6	Snx11
Q91WL8	Wwox
Q91WM2	Cecr5
Q91WM3	Rrp9
Q91WN1	Dnajc9
Q91WP6	Serpina3n
Q91WQ3	Yars
Q91WR3	Ascc2
Q91WR5	Akr1c21
Q91WS0	Cisd1
Q91WT4	Dnajc17
Q91WT8	Rbm47
Q91WU0	Ces1f
Q91WU5	As3mt
Q91WV0	Dr1
Q91WZ8	Dtnbp1
Q91X20	Ash2l
Q91X43	Sh3d19
Q91X51	Gorasp1
Q91X52	Dcxr
Q91X58	Zfand2b
Q91X72	Hpx
Q91X83	Mat1a
Q91X84	Crtc3
Q91X88	Pomgnt1
Q91X97	Ncald
Q91XA2	Golm1
Q91XA9	Chia
Q91XB0	Trex1
Q91XB7	Yif1a
Q91XC8	Dap
Q91XC9	Pex16
Q91XD2	Lims2
Q91XD6	Vps36
Q91XD7	Creld1
Q91XE4	Acy3
Q91XE8	Tmem205
Q91XF0	Pnpo
Q91XI1	Dus3l
Q91XL2	Lnx2
Q91XL3	Uxs1
Q91XL9	Osbpl1a
Q91XU0	Wrnip1
Q91XU3	Pip4k2c
Q91XZ4	Pcdhb6
Q91Y74	St3gal4
Q91YD3	Dcp1a
Q91YD6	Vill
Q91YD9	Wasl
Q91YE3	Egln1
Q91YE6	Ipo9
Q91YE7	Rbm5
Q91YE8	Synpo2
Q91YH5	Atl3
Q91YI0	Asl
Q91YI4	Arrb2
Q91YJ2	Snx4
Q91YJ3	Thyn1
Q91YL2	Rnf126
Q91YL3	Uckl1
Q91YM2	Arhgap35
Q91YM4	Tbrg4
Q91YN0	D6Wsu163e
Q91YN1	Fam118a
Q91YN5	Uap1
Q91YN9	Bag2
Q91YP0	L2hgdh
Q91YP2	Nln
Q91YP3	Dera
Q91YQ1	Rab29
Q91YQ5	Rpn1
Q91YR1	Twf1
Q91YR5	Mettl13
Q91YR7	Prpf6
Q91YR9	Ptgr1
Q91YS8	Camk1
Q91YT0	Ndufv1
Q91YT2	Rnf185
Q91YT8	Tmem63a
Q91YU6	Lzts2
Q91YU8	Ppan
Q91YV9	Tmem246
Q91YW3	Dnajc3
Q91YX0	Themis2
Q91YX5	Lpgat1
Q91YY4	Atpaf2
Q91Z38	Ttc1
Q91Z46	Dusp7
Q91Z53	Grhpr
Q91Z58	
Q91Z67	Srgap2
Q91Z92	B3galt6
Q91Z96	Bmp2k
Q91ZA3	Pcca
Q91ZD4	Vangl2
Q91ZE0	Tmlhe
Q91ZH7	Abhd3
Q91ZJ5	Ugp2
Q91ZM2	Sh2b1
Q91ZN5	Slc35b2
Q91ZP3	Lpin1
Q91ZR1	Rab4b
Q91ZR2	Snx18
Q91ZU1	Asb6
Q91ZU6	Dst
Q91ZV0	Ctage5
Q91ZV7	Plxdc1
Q91ZV8	Gpr124
Q91ZW2	Pofut1
Q91ZW3	Smarca5
Q91ZX7	Lrp1
Q920A5	Scpep1
Q920A7	Afg3l1
Q920B0	Frmd4b
Q920B9	Supt16h
Q920E5	Fdps
Q920I9	Wdr7
Q920L1	Fads1
Q920N2	Hlcs
Q920Q4	Vps16
Q920Q6	Msi2
Q920Q8	Ivns1abp
Q920R0	Als2
Q920S3	Gatad1
Q921C5	Bicd2
Q921E2	Rab31
Q921E6	Eed
Q921F2	Tardbp
Q921F4	Hnrnpll
Q921G6	Lrch4
Q921G7	Etfdh
Q921G8	Tubgcp2
Q921H8	Acaa1a
Q921H9	Coa7
Q921I1	Tf
Q921I2	Klhdc4
Q921I6	Sh3bp4
Q921I9	Exosc4
Q921J2	Rheb
Q921K8	Fam115c
Q921L3	Tmco1
Q921L5	Cog2
Q921M3	Sf3b3
Q921M4	Golga2
Q921M7	Fam49b
Q921N7	Tmem70
Q921N8	Gps2
Q921Q3	Alg1
Q921R7	Slc35a5
Q921R8	Slc41a3
Q921S7	Mrpl37
Q921T2	Tor1aip1
Q921U8	Smtn
Q921V5	Mgat2
Q921V7	Slc44a3
Q921W0	Chmp1a
Q921W4	Cryzl1
Q921X9	Pdia5
Q921Y0	Mob1a
Q921Y4	Mfsd5
Q921Z5	Tnfaip8
Q922B1	Macrod1
Q922B2	Dars
Q922B6	Traf7
Q922B9	Ssfa2
Q922D4	Ppp6r3
Q922D8	Mthfd1
Q922E4	Pcyt2
Q922E6	Fastkd2
Q922F4	Tubb6
Q922G2	Fam76a
Q922H2	Pdk3
Q922H4	Gmppa
Q922H9	Znf330
Q922J3	Clip1
Q922J6	Tspan2
Q922J9	Far1
Q922K7	Nop2
Q922L6	Nelfcd
Q922M3	Kctd10
Q922P9	Glyr1
Q922Q1	Marc2
Q922Q2	Riok1
Q922Q4	Pycr2
Q922Q8	Lrrc59
Q922Q9	Chid1
Q922R0	Prkx
Q922R8	Pdia6
Q922S4	Pde2a
Q922U1	Prpf3
Q922V4	Plrg1
Q922X9	Prmt7
Q922Y1	Ubxn1
Q923B0	Ggact
Q923B1	Dbr1
Q923B6	Steap4
Q923D2	Blvrb
Q923D4	Sf3b5
Q923D5	Wbp11
Q923E4	Sirt1
Q923G2	Polr2h
Q923M0	Ppp1r16a
Q923Q2	Stard13
Q923T9	Camk2g
Q923U0	Tom1l1
Q923X1	Eltd1
Q923X4	Glrx2
Q924A2	Cic
Q924C1	Xpo5
Q924D0	Rtn4ip1
Q924K8	Mta3
Q924L1	Letmd1
Q924M7	Mpi
Q924N4	Slc12a6
Q924T2	Mrps2
Q924T3	Xrcc4
Q924T7	Rnf31
Q924W5	Smc6
Q924W7	St5
Q924X2	Cpt1b
Q924Z4	Cers2
Q924Z5	Tram2
Q925B0	Pawr
Q925E7	Ppp2r2d
Q925F2	Esam
Q925I1	Atad3
Q925J9	Med1
Q925N0	Sfxn5
Q925N2	Sfxn2
Q925U4	Edem1
Q93092	Taldo1
Q99020	Hnrnpab
Q99104	Myo5a
Q99J08	Sec14l2
Q99J09	Wdr77
Q99J23	Ghdc
Q99J27	Slc33a1
Q99J31	Ophn1
Q99J36	Thumpd1
Q99J38	Ttc30a1
Q99J39	Mlycd
Q99J45	Nrbp1
Q99J47	Dhrs7b
Q99J56	Derl1
Q99J62	Rfc4
Q99J72	Apobec3
Q99J77	Nans
Q99J83	Atg5
Q99J87	Dhx58
Q99J93	Ifitm2
Q99J95	Cdk9
Q99J99	Mpst
Q99JB2	Stoml2
Q99JB8	Pacsin3
Q99JF5	Mvd
Q99JF8	Psip1
Q99JG7	Tnip2
Q99JH8	Kdelr1
Q99JI4	Psmd6
Q99JI6	Rap1b
Q99JP0	Map4k3
Q99JP4	Cdc26
Q99JP6	Homer3
Q99JR1	Sfxn1
Q99JR5	Tinagl1
Q99JR8	Smarcd2
Q99JT2	Mst4
Q99JT9	Adi1
Q99JW2	Acy1
Q99JW4	Lims1
Q99JW5	Epcam
Q99JX3	Gorasp2
Q99JX4	Eif3m
Q99JX7	Nxf1
Q99JY0	Hadhb
Q99JY4	Trabd
Q99JY8	Ppap2b
Q99JY9	Actr3
Q99K01	Pdxdc1
Q99K23	Ufsp2
Q99K28	Arfgap2
Q99K30	Eps8l2
Q99K41	Emilin1
Q99K43	Prc1
Q99K48	Nono
Q99K51	Pls3
Q99K67	Aass
Q99K70	Rragc
Q99K74	Med24
Q99K85	Psat1
Q99K95	Rtfdc1
Q99K99	
Q99KB8	Hagh
Q99KC8	Vwa5a
Q99KD5	Unc45a
Q99KE1	Me2
Q99KF1	Tmed9
Q99KG3	Rbm10
Q99KG5	Lsr
Q99KH8	Stk24
Q99KI0	Aco2
Q99KI3	Emc3
Q99KJ8	Dctn2
Q99KK1	Reep3
Q99KK2	Cmas
Q99KK7	Dpp3
Q99KK9	Hars2
Q99KL7	Rab28
Q99KN1	Arrdc1
Q99KN2	Ciao1
Q99KN9	Clint1
Q99KP3	Cryl1
Q99KP6	Prpf19
Q99KQ4	Nampt
Q99KR3	Lactb2
Q99KR7	Ppif
Q99KR8	Fuca2
Q99KS6	Adprm
Q99KV1	Dnajb11
Q99KW3	Triobp
Q99KW9	Itfg1
Q99KX1	Mlf2
Q99KY4	Gak
Q99L00	Haus8
Q99L04	Dhrs1
Q99L13	Hibadh
Q99L20	Gstt3
Q99L27	Gmpr2
Q99L43	Cds2
Q99L45	Eif2s2
Q99L47	St13
Q99L48	Nmd3
Q99L60	Atp6v1c2
Q99L85	Elp5
Q99L88	Sntb1
Q99LB0	Dnttip1
Q99LB2	Dhrs4
Q99LB6	Mat2b
Q99LB7	Sardh
Q99LC2	Cstf1
Q99LC3	Ndufa10
Q99LC5	Etfa
Q99LC8	Eif2b1
Q99LD4	Gps1
Q99LD8	Ddah2
Q99LD9	Eif2b2
Q99LE6	Abcf2
Q99LF4	Rtcb
Q99LG0	Usp16
Q99LG1	Tmem51
Q99LG2	Tnpo2
Q99LG4	Ttc5
Q99LH1	Gnl2
Q99LH9	Sh3bp5l
Q99LI2	Clcc1
Q99LI7	Cstf3
Q99LI8	Hgs
Q99LI9	Clp1
Q99LJ0	Cttnbp2nl
Q99LJ1	Fuca1
Q99LJ6	Gpx7
Q99LJ7	Rcbtb2
Q99LL3	Chst12
Q99LM2	Cdk5rap3
Q99LN9	Dohh
Q99LP6	Grpel1
Q99LR1	Abhd12
Q99LS3	Psph
Q99LT0	Dpy30
Q99LV7	Pigx
Q99LX0	Park7
Q99LX5	Mmtag2
Q99LY9	Ndufs5
Q99M01	Fars2
Q99M15	Pstpip2
Q99M28	Rnps1
Q99M31	Hspa14
Q99M51	Nck1
Q99M71	Epdr1
Q99M87	Dnaja3
Q99MB1	Tlr3
Q99MB7	Rnf141
Q99MD6	Txnrd3
Q99MD9	Nasp
Q99ME2	Wdr6
Q99ME9	Gtpbp4
Q99MI1	Erc1
Q99MJ9	Ddx50
Q99MK8	Adrbk1
Q99ML0	Zmynd10
Q99MN1	Kars
Q99MN9	Pccb
Q99MP8	Brap
Q99MQ4	Aspn
Q99MR1	Gigyf1
Q99MR3	Slc12a9
Q99MR6	Srrt
Q99MR8	Mccc1
Q99MS7	Ehbp1l1
Q99MU3	Adar
Q99MV1	Tdrd1
Q99MZ7	Pecr
Q99N05	Ms4a4d
Q99N16	Cyp4f3
Q99N57	Raf1
Q99N69	Lpxn
Q99N87	Mrps5
Q99N94	Mrpl9
Q99N95	Mrpl3
Q99N96	Mrpl1
Q99NB1	Acss1
Q99NB8	Ubqln4
Q99NB9	Sf3b1
Q99NH0	Ankrd17
Q99NH2	Pard3
Q99P30	Nudt7
Q99P31	Hspbp1
Q99P58	Rab27b
Q99P72	Rtn4
Q99P81	Abcg3
Q99P88	Nup155
Q99P91	Gpnmb
Q99PG2	Ogfr
Q99PG4	Rgs18
Q99PI5	Lpin2
Q99PL5	Rrbp1
Q99PL6	Ubxn6
Q99PM3	Gtf2a1
Q99PM9	Uck2
Q99PN3	Trim26
Q99PP6	Trim34a
Q99PP7	Trim33
Q99PP9	Trim16
Q99PQ1	Trim12a
Q99PT1	Arhgdia
Q99PU8	Dhx30
Q99PV0	Prpf8
Q99PW4	Tp53rk
Q9BCZ4	Vimp
Q9CPP0	Npm3
Q9CPP6	Ndufa5
Q9CPP7	Lipf
Q9CPQ1	Cox6c
Q9CPQ3	Tomm22
Q9CPQ8	Atp5l
Q9CPR1	Rwdd4
Q9CPR4	Rpl17
Q9CPR7	Sike1
Q9CPS6	Hint3
Q9CPT3	Nanp
Q9CPT4	D17Wsu104e
Q9CPT5	Nop16
Q9CPU0	Glo1
Q9CPU4	Mgst3
Q9CPV4	Glod4
Q9CPW4	Arpc5
Q9CPX6	Atg3
Q9CPY1	Mrpl51
Q9CPY6	Gid4
Q9CPY7	Lap3
Q9CPZ8	Cmc1
Q9CQ00	Tmem261
Q9CQ02	Commd4
Q9CQ06	Mrpl24
Q9CQ10	Chmp3
Q9CQ18	Rnaseh2c
Q9CQ19	Myl9
Q9CQ20	Mid1ip1
Q9CQ22	Lamtor1
Q9CQ26	Stambp
Q9CQ33	Lztr1
Q9CQ39	Med21
Q9CQ40	Mrpl49
Q9CQ45	Nenf
Q9CQ48	Nudcd2
Q9CQ49	Ncbp2
Q9CQ54	Ndufc2
Q9CQ56	Use1
Q9CQ60	Pgls
Q9CQ62	Decr1
Q9CQ65	Mtap
Q9CQ69	Uqcrq
Q9CQ71	Rpa3
Q9CQ75	Ndufa2
Q9CQ79	Txndc9
Q9CQ80	Vps25
Q9CQ85	Timm22
Q9CQ86	Mien1
Q9CQ88	Tspan31
Q9CQ89	Cuta
Q9CQ91	Ndufa3
Q9CQ92	Fis1
Q9CQA1	Trappc5
Q9CQA3	Sdhb
Q9CQA9	Ntpcr
Q9CQB5	Cisd2
Q9CQC6	Bzw1
Q9CQC7	Ndufb4
Q9CQC8	Spg21
Q9CQC9	Sar1b
Q9CQD1	Rab5a
Q9CQD4	Chmp1b2
Q9CQE1	Nipsnap3b
Q9CQE2	Tmem223
Q9CQE3	Mrps17
Q9CQE5	Rgs10
Q9CQE7	Ergic3
Q9CQE8	
Q9CQF0	Mrpl11
Q9CQF3	Nudt21
Q9CQF6	Aasdhppt
Q9CQF9	Pcyox1
Q9CQG2	Mettl16
Q9CQG9	Tmem100
Q9CQH3	Ndufb5
Q9CQH7	Btf3l4
Q9CQI3	Gmfb
Q9CQI6	Cotl1
Q9CQI7	Snrpb2
Q9CQJ4	Rnf2
Q9CQJ6	Denr
Q9CQJ8	Ndufb9
Q9CQK7	Rwdd1
Q9CQL1	Magohb
Q9CQL4	Mrpl20
Q9CQL5	Mrpl18
Q9CQM5	Txndc17
Q9CQM9	Glrx3
Q9CQN1	Trap1
Q9CQN3	Tomm6
Q9CQN6	Tmem14c
Q9CQN7	Mrpl41
Q9CQP2	Trappc2
Q9CQQ7	Atp5f1
Q9CQR2	Rps21
Q9CQR4	Acot13
Q9CQR6	Ppp6c
Q9CQS2	Nop10
Q9CQS4	Slc25a46
Q9CQS5	Riok2
Q9CQS8	Sec61b
Q9CQT1	Mri1
Q9CQT2	Rbm7
Q9CQU0	Txndc12
Q9CQU3	Rer1
Q9CQV1	Pam16
Q9CQV4	Fam134c
Q9CQV5	Mrps24
Q9CQV6	Map1lc3b
Q9CQV7	Dnajc19
Q9CQV8	Ywhab
Q9CQW1	Ykt6
Q9CQW2	Arl8b
Q9CQW9	Ifitm3
Q9CQX2	Cyb5b
Q9CQX5	Cldnd1
Q9CQX8	Mrps36
Q9CQY1	Atg12
Q9CQY5	Magt1
Q9CQY6	Uqcc2
Q9CQZ0	Ormdl2
Q9CQZ1	Hsbp1
Q9CQZ5	Ndufa6
Q9CQZ6	Ndufb3
Q9CR00	Psmd9
Q9CR02	Tma16
Q9CR09	Ufc1
Q9CR10	Oxld1
Q9CR16	Ppid
Q9CR21	Ndufab1
Q9CR26	Vta1
Q9CR27	Ccdc53
Q9CR29	Ccdc43
Q9CR30	Josd2
Q9CR41	Hypk
Q9CR47	Nsa2
Q9CR48	Dram2
Q9CR50	Rchy1
Q9CR51	Atp6v1g1
Q9CR56	Nkiras2
Q9CR57	Rpl14
Q9CR59	Gadd45gip1
Q9CR61	Ndufb7
Q9CR62	Slc25a11
Q9CR64	Tmem167a
Q9CR67	Tmem33
Q9CR68	Uqcrfs1
Q9CR86	Carhsp1
Q9CR88	Mrps14
Q9CR89	Ergic2
Q9CR95	Necap1
Q9CR98	Fam136a
Q9CRA0	Art4
Q9CRA4	Msmo1
Q9CRA5	Golph3
Q9CRA7	Atp5s
Q9CRA8	Exosc5
Q9CRA9	Fgfr1op2
Q9CRB0	Snx24
Q9CRB2	Nhp2
Q9CRB6	Tppp3
Q9CRB9	Chchd3
Q9CRC0	Vkorc1
Q9CRC6	
Q9CRC8	Lrrc40
Q9CRC9	Gnpda2
Q9CRD0	Ociad1
Q9CRD2	Emc2
Q9CRG1	Tm7sf3
Q9CRT8	Xpot
Q9CRY7	Gdpd1
Q9CS00	Cactin
Q9CS42	Prps2
Q9CSB4	Pard3b
Q9CSH3	Dis3
Q9CSN1	Snw1
Q9CSU0	Rprd1b
Q9CT10	Ranbp3
Q9CU62	Smc1a
Q9CU65	Zmym2
Q9CUX1	Prkrir
Q9CV28	Fam188a
Q9CVB6	Arpc2
Q9CVD2	Atxn3
Q9CW03	Smc3
Q9CW46	Raver1
Q9CW79	Golga1
Q9CWD8	Nubpl
Q9CWE0	Mtfr1l
Q9CWF2	Tubb2b
Q9CWF6	Bbs2
Q9CWG8	Ndufaf7
Q9CWG9	Bloc1s2
Q9CWH5	Trmt11
Q9CWI3	Bccip
Q9CWJ9	Atic
Q9CWK3	Cd2bp2
Q9CWK8	Snx2
Q9CWL2	Casz1
Q9CWL8	Ctnnbl1
Q9CWM4	Pfdn1
Q9CWN7	Cnot11
Q9CWP6	Mospd2
Q9CWS0	Ddah1
Q9CWS4	Cpsf3l
Q9CWU6	Uqcc1
Q9CWU9	Nup37
Q9CWW6	Pin4
Q9CWW7	Cxxc1
Q9CWX2	Ndufaf1
Q9CWX9	Ddx47
Q9CWZ3	Rbm8a
Q9CWZ7	Napg
Q9CX00	Ist1
Q9CX13	Cnih4
Q9CX19	Fam162b
Q9CX30	Yif1b
Q9CX34	Sugt1
Q9CX56	Psmd8
Q9CX80	Cygb
Q9CX86	Hnrnpa0
Q9CX97	Wdr55
Q9CX99	Grap
Q9CXA2	L3hypdh
Q9CXD6	Mcur1
Q9CXE7	Tmed5
Q9CXF0	Kynu
Q9CXF4	Tbc1d15
Q9CXG3	Ppil4
Q9CXI0	Coq5
Q9CXI5	Manf
Q9CXJ1	Ears2
Q9CXJ4	Abcb8
Q9CXK8	Nip7
Q9CXL3	
Q9CXN7	Pbld2
Q9CXP8	Gng10
Q9CXR1	Dhrs7
Q9CXS4	Cenpv
Q9CXT8	Pmpcb
Q9CXU0	Med10
Q9CXV1	Sdhd
Q9CXV9	Dcun1d5
Q9CXW2	Mrps22
Q9CXW3	Cacybp
Q9CXW4	Rpl11
Q9CXX9	Cuedc2
Q9CXY1	Tmem175
Q9CXY6	Ilf2
Q9CXY9	Pigk
Q9CXZ1	Ndufs4
Q9CY00	Ttc30b
Q9CY02	Ahsp
Q9CY16	Mrps28
Q9CY18	Snx7
Q9CY21	Wbscr22
Q9CY27	Tecr
Q9CY34	Ube2f
Q9CY50	Ssr1
Q9CY52	Thg1l
Q9CY57	Chtop
Q9CY58	Serbp1
Q9CY62	Rnf181
Q9CY64	Blvra
Q9CY66	Gar1
Q9CY73	Mrpl44
Q9CY97	Ssu72
Q9CYA0	Creld2
Q9CYA6	Zcchc8
Q9CYD3	Crtap
Q9CYG7	Tomm34
Q9CYH2	Fam213a
Q9CYH5	Gfod2
Q9CYH6	Rrs1
Q9CYI0	
Q9CYI4	Luc7l
Q9CYK1	Wars2
Q9CYL5	Glipr2
Q9CYN2	Spcs2
Q9CYN9	Atp6ap2
Q9CYR0	Ssbp1
Q9CYR6	Pgm3
Q9CYT6	Cap2
Q9CYU6	Dph7
Q9CYV5	Tmem135
Q9CYW4	Hdhd3
Q9CYZ2	Tpd52l2
Q9CYZ8	Ssbp2
Q9CZ04	Cops7a
Q9CZ13	Uqcrc1
Q9CZ28	Snf8
Q9CZ30	Ola1
Q9CZ42	Carkd
Q9CZ44	Nsfl1c
Q9CZ52	Antxr1
Q9CZ62	Cep97
Q9CZ69	Cmtm6
Q9CZ83	Mrpl55
Q9CZ91	Srfbp1
Q9CZB0	Sdhc
Q9CZB6	Med7
Q9CZC8	Scrn1
Q9CZD3	Gars
Q9CZD5	Mtif3
Q9CZE3	Rab32
Q9CZG3	Commd8
Q9CZG9	Pdzd11
Q9CZH7	Mxra7
Q9CZJ1	Utp11l
Q9CZJ2	Hspa12b
Q9CZL2	
Q9CZL5	Pcbd2
Q9CZM2	Rpl15
Q9CZN7	Shmt2
Q9CZP5	Bcs1l
Q9CZP7	Cdc37l1
Q9CZR2	Naalad2
Q9CZR3	Tomm40l
Q9CZR8	Tsfm
Q9CZS1	Aldh1b1
Q9CZT5	Vasn
Q9CZU3	Skiv2l2
Q9CZU6	Cs
Q9CZV8	Fbxl20
Q9CZW4	Acsl3
Q9CZW5	Tomm70a
Q9CZX0	Elp3
Q9CZX7	Tmem55a
Q9CZX8	Rps19
Q9CZX9	Emc4
Q9CZY3	Ube2v1
Q9D020	Nt5c3a
Q9D023	Mpc2
Q9D024	Ccdc47
Q9D051	Pdhb
Q9D061	Acbd6
Q9D071	Mms19
Q9D074	Mgrn1
Q9D081	Alg14
Q9D0A0	Det1
Q9D0A3	Arpin
Q9D0B0	Srsf9
Q9D0B6	Pbdc1
Q9D0C4	Trmt5
Q9D0D4	Dimt1
Q9D0D5	Gtf2e1
Q9D0E1	Hnrnpm
Q9D0F3	Lman1
Q9D0F9	Pgm1
Q9D0G0	Mrps30
Q9D0I4	Stx17
Q9D0I6	Wdsub1
Q9D0I9	Rars
Q9D0J4	Arl2
Q9D0J8	Ptms
Q9D0K1	Pex13
Q9D0K2	Oxct1
Q9D0L4	Adck1
Q9D0L7	Armc10
Q9D0L8	Rnmt
Q9D0M0	Exosc7
Q9D0M1	Prpsap1
Q9D0M3	Cyc1
Q9D0M5	Dynll2
Q9D0Q7	Mrpl45
Q9D0R2	Tars
Q9D0R4	Ddx56
Q9D0R8	Lsm12
Q9D0S9	Hint2
Q9D0T1	Nhp2l1
Q9D0U6	Maf1
Q9D0W5	Ppil1
Q9D0Y8	Mrpl52
Q9D110	Mthfs
Q9D113	Dnlz
Q9D115	Znf706
Q9D125	Mrps25
Q9D136	Ogfod3
Q9D142	Nudt14
Q9D154	Serpinb1a
Q9D172	D10Jhu81e
Q9D187	Fam96b
Q9D198	Syf2
Q9D1A2	Cndp2
Q9D1B9	Mrpl28
Q9D1C8	Vps28
Q9D1C9	Rrp7a
Q9D1D1	Tspan11
Q9D1D4	Tmed10
Q9D1E6	Tbcb
Q9D1E8	Agpat5
Q9D1F4	Akt1s1
Q9D1G1	Rab1b
Q9D1G2	Pmvk
Q9D1G5	Lrrc57
Q9D1H6	Ndufaf4
Q9D1H7	Get4
Q9D1H8	Mrpl53
Q9D1H9	Mfap4
Q9D1I2	
Q9D1I5	Mcee
Q9D1J1	Necap2
Q9D1J3	Sarnp
Q9D1K2	Atp6v1f
Q9D1L9	Lamtor5
Q9D1M0	Sec13
Q9D1M4	Eef1e1
Q9D1M7	Fkbp11
Q9D1P0	Mrpl13
Q9D1P2	Kat8
Q9D1P4	Chordc1
Q9D1Q4	Dpm3
Q9D1Q6	Erp44
Q9D1R1	Tmem126b
Q9D1R2	Kti12
Q9D1R9	Rpl34
Q9D1X0	Nol3
Q9D1X9	Tmem50b
Q9D270	Zdhhc21
Q9D273	Mmab
Q9D281	Fam114a1
Q9D287	Bcas2
Q9D289	Trappc6b
Q9D2C2	Saal1
Q9D2C7	Tmbim6
Q9D2D7	Znf687
Q9D2E2	Toe1
Q9D2G2	Dlst
Q9D2H2	Ak7
Q9D2H9	Dnaaf1
Q9D2M8	Ube2v2
Q9D2N4	Dtna
Q9D2N9	Vps33a
Q9D2P4	Urm1
Q9D2Q8	S100a14
Q9D2R0	Aacs
Q9D2R8	Mrps33
Q9D2U9	Hist3h2ba
Q9D2V7	Coro7
Q9D2V8	Mfsd10
Q9D2X5	Mau2
Q9D2Y4	Mlkl
Q9D338	Mrpl19
Q9D358	Acp1
Q9D379	Ephx1
Q9D394	Rufy3
Q9D3A8	Nos1ap
Q9D3B1	Ptplb
Q9D3D0	Ttpal
Q9D3D9	Atp5d
Q9D3E6	Stag1
Q9D3G5	Stx11
Q9D3N8	Grtp1
Q9D3P1	Tchhl1
Q9D3P8	Plgrkt
Q9D3U0	Pus10
Q9D486	Cmip
Q9D4H1	Exoc2
Q9D4H4	Amotl1
Q9D4H8	Cul2
Q9D4J7	Phf6
Q9D4V0	Etnk1
Q9D4V7	Rabl3
Q9D517	Agpat3
Q9D554	Sf3a3
Q9D572	Ubxn11
Q9D5J6	Shpk
Q9D5R2	Wdr20
Q9D5T0	Atad1
Q9D5V5	Cul5
Q9D5V6	Syap1
Q9D5Y1	Ccdc39
Q9D620	Rab11fip1
Q9D659	
Q9D662	Sec23b
Q9D666	Sun1
Q9D684	Rin2
Q9D6F9	Tubb4a
Q9D6H2	Hspb11
Q9D6I7	Fam69a
Q9D6J1	Cers4
Q9D6J3	Ccdc94
Q9D6J5	Ndufb8
Q9D6J6	Ndufv2
Q9D6K5	Synj2bp
Q9D6K7	Ttc33
Q9D6K8	Fundc2
Q9D6K9	Cers5
Q9D6L8	Ppil3
Q9D6M3	Slc25a22
Q9D6N1	Ca13
Q9D6N5	Drap1
Q9D6R2	Idh3a
Q9D6S7	Mrrf
Q9D6T0	Nosip
Q9D6U8	Fam162a
Q9D6W8	
Q9D6Y4	Mef2bnb
Q9D6Y7	Msra
Q9D6Y9	Gbe1
Q9D6Z1	Nop56
Q9D706	Rpap3
Q9D708	S100a16
Q9D710	Tmx2
Q9D711	Pir
Q9D720	Nsmce1
Q9D733	Gp2
Q9D735	
Q9D753	Exosc8
Q9D787	Ppil2
Q9D7A6	Srp19
Q9D7A8	Armc1
Q9D7B6	Acad8
Q9D7B7	Gpx8
Q9D7E4	
Q9D7F7	Chmp4c
Q9D7G0	Prps1
Q9D7G4	Eurl
Q9D7H3	RtcA
Q9D7I5	Lhpp
Q9D7J4	Cox20
Q9D7J9	Echdc3
Q9D7M1	Gid8
Q9D7M8	Polr2d
Q9D7N3	Mrps9
Q9D7N9	Apmap
Q9D7P6	Iscu
Q9D7P7	Clic3
Q9D7S7	Rpl22l1
Q9D7S9	Chmp5
Q9D7V1	Sh2d4a
Q9D7V9	Naaa
Q9D7W5	Med8
Q9D7X3	Dusp3
Q9D819	Ppa1
Q9D820	Prorsd1
Q9D823	Rpl37
Q9D832	Dnajb4
Q9D842	Aplf
Q9D850	Tmem68
Q9D853	Mettl10
Q9D855	Uqcrb
Q9D864	Actr6
Q9D868	Ppih
Q9D880	Timm50
Q9D882	
Q9D883	U2af1
Q9D892	Itpa
Q9D898	Arpc5l
Q9D8B1	Aig1
Q9D8B3	Chmp4b
Q9D8B4	Ndufa11
Q9D8B6	Fam210b
Q9D8C2	Tspan13
Q9D8C4	Ifi35
Q9D8E6	Rpl4
Q9D8H7	Oma1
Q9D8I1	Mzb1
Q9D8L5	Ccdc91
Q9D8M4	Rpl7l1
Q9D8N0	Eef1g
Q9D8N2	Fam45a
Q9D8P4	Mrpl17
Q9D8S3	Arfgap3
Q9D8S4	Rexo2
Q9D8S9	Bola1
Q9D8T2	Gsdmdc1
Q9D8T4	Tvp23b
Q9D8T7	Slirp
Q9D8U2	Tmem41a
Q9D8U6	Mcemp1
Q9D8U8	Snx5
Q9D8V0	Hm13
Q9D8V7	Sec11c
Q9D8W5	Psmd12
Q9D8W7	Ociad2
Q9D8X1	Cutc
Q9D8X2	Ccdc124
Q9D8X5	Cnot8
Q9D8Y0	Efhd2
Q9D8Y7	Tnfaip8l2
Q9D8Y8	Ing5
Q9D8Z1	Ascc1
Q9D903	Ebna1bp2
Q9D906	Atg7
Q9D920	Loh12cr1
Q9D924	Isca1
Q9D937	1810009A15Rik
Q9D938	Tmem160
Q9D952	Evpl
Q9D958	Spcs1
Q9D964	Gatm
Q9D967	Mdp1
Q9D9B4	
Q9D9I4	Tbc1d20
Q9D9K3	Aven
Q9D9M2	Usp12
Q9D9M5	Phospho2
Q9D9T8	Efhc1
Q9D9V3	Echdc1
Q9D9V4	Rsph9
Q9D9Z5	Dda1
Q9DA03	Lyrm7
Q9DA80	Rsph3b
Q9DAA6	Exosc1
Q9DAI2	Ift22
Q9DAJ2	Tekt1
Q9DAJ5	Dynlrb2
Q9DAK2	Pacrg
Q9DAK9	Phpt1
Q9DAM5	Slc25a19
Q9DAR7	Dcps
Q9DAS9	Gng12
Q9DAT5	Trmu
Q9DAU1	Cnpy3
Q9DAV9	Tmem38b
Q9DAW6	Prpf4
Q9DAW9	Cnn3
Q9DAX2	Ppap2c
Q9DAZ9	Zfyve19
Q9DB05	Napa
Q9DB07	Ift46
Q9DB15	Mrpl12
Q9DB16	Cab39l
Q9DB20	Atp5o
Q9DB25	Alg5
Q9DB26	Phyhd1
Q9DB27	Mcts1
Q9DB29	Iah1
Q9DB30	Phkg2
Q9DB34	Chmp2a
Q9DB42	Znf593
Q9DB43	Zfpl1
Q9DB60	Fam213b
Q9DB73	Cyb5r1
Q9DB77	Uqcrc2
Q9DB90	Smg9
Q9DB91	Med29
Q9DBB5	Eif4e3
Q9DBB8	Dhdh
Q9DBB9	Cpn2
Q9DBC0	Selo
Q9DBC3	Cmtr1
Q9DBC7	Prkar1a
Q9DBD0	Ica
Q9DBD5	Pelp1
Q9DBE0	Csad
Q9DBE8	Alg2
Q9DBE9	Ftsj3
Q9DBF1	Aldh7a1
Q9DBG1	Cyp27a1
Q9DBG3	Ap2b1
Q9DBG5	Plin3
Q9DBG6	Rpn2
Q9DBG7	Srpr
Q9DBG9	Tax1bp3
Q9DBH0	Wwp2
Q9DBH5	Lman2
Q9DBJ1	Pgam1
Q9DBJ3	Baiap2l1
Q9DBL1	Acadsb
Q9DBL2	Gdap2
Q9DBL7	Coasy
Q9DBL9	Abhd5
Q9DBM2	Ehhadh
Q9DBN5	Lonp2
Q9DBP0	Slc34a2
Q9DBP5	Cmpk1
Q9DBQ7	Scyl3
Q9DBR0	Akap8
Q9DBR1	Xrn2
Q9DBR3	Armc8
Q9DBR4	Apbb2
Q9DBR7	Ppp1r12a
Q9DBS1	Tmem43
Q9DBS2	Tprg1l
Q9DBS4	Acoxl
Q9DBS5	Klc4
Q9DBS9	Osbpl3
Q9DBT5	Ampd2
Q9DBU0	Tm9sf1
Q9DBU3	Riok3
Q9DBV4	Mxra8
Q9DBW0	Cyp4v2
Q9DBX1	Rgcc
Q9DBX2	Pdcl
Q9DBX3	Susd2
Q9DBX6	Cyp2s1
Q9DBY1	Syvn1
Q9DBY4	Tril
Q9DBY8	Nvl
Q9DBZ1	Ikbip
Q9DBZ5	Eif3k
Q9DBZ9	Syde1
Q9DC04	Rgs3
Q9DC07	Nebl
Q9DC11	Plxdc2
Q9DC16	Ergic1
Q9DC23	Dnajc10
Q9DC28	Csnk1d
Q9DC29	Abcb6
Q9DC33	Hmg20a
Q9DC37	Mfsd1
Q9DC48	Cdc40
Q9DC50	Crot
Q9DC51	Gnai3
Q9DC58	Dram1
Q9DC61	Pmpca
Q9DC63	Fbxo3
Q9DC69	Ndufa9
Q9DC70	Ndufs7
Q9DC71	Mrps15
Q9DCA5	Brix1
Q9DCB8	Isca2
Q9DCC4	Pycrl
Q9DCC7	Isoc2b
Q9DCC8	Tomm20
Q9DCD0	Pgd
Q9DCD2	Xab2
Q9DCD5	Tjap1
Q9DCD6	Gabarap
Q9DCE5	Pak1ip1
Q9DCF9	Ssr3
Q9DCG2	Cd302
Q9DCG9	Trmt112
Q9DCH4	Eif3f
Q9DCH6	Zfand6
Q9DCI3	Stard3nl
Q9DCI9	Mrpl32
Q9DCJ1	Mlst8
Q9DCJ5	Ndufa8
Q9DCJ9	Npl
Q9DCK3	Tspan4
Q9DCL8	Ppp1r2
Q9DCL9	Paics
Q9DCM0	Ethe1
Q9DCM2	Gstk1
Q9DCN1	Nudt12
Q9DCN2	Cyb5r3
Q9DCR2	Ap3s1
Q9DCS1	Tmem176a
Q9DCS2	
Q9DCS3	Mecr
Q9DCS9	Ndufb10
Q9DCT1	Akr1e2
Q9DCT2	Ndufs3
Q9DCT5	Sdf2
Q9DCT8	Crip2
Q9DCU9	Hoga1
Q9DCV4	Rmdn1
Q9DCW2	Plscr2
Q9DCW4	Etfb
Q9DCX2	Atp5h
Q9DCZ1	Gmpr
Q9DCZ4	Apoo
Q9DD03	Rab13
Q9DD06	Rarres2
Q9DD18	Dtd1
Q9EP52	Twsg1
Q9EP53	Tsc1
Q9EP69	Sacm1l
Q9EP71	Rai14
Q9EP72	Emc7
Q9EP73	Cd274
Q9EP75	Cyp4f14
Q9EP82	Wdr4
Q9EP89	Lactb
Q9EP95	Retnla
Q9EPB4	Pycard
Q9EPB5	Serhl
Q9EPC1	Parva
Q9EPE9	Atp13a1
Q9EPJ9	Arfgap1
Q9EPK2	Rp2
Q9EPK5	Wwtr1
Q9EPK7	Xpo7
Q9EPL2	Clstn1
Q9EPL4	Mettl9
Q9EPL8	Ipo7
Q9EPL9	Acox3
Q9EPM5	Sync
Q9EPN1	Nbea
Q9EPQ7	Stard5
Q9EPR2	Pla2g12a
Q9EPR4	Slc23a2
Q9EPR5	Sorcs2
Q9EPS3	Glce
Q9EPT5	Slco2a1
Q9EPU0	Upf1
Q9EPU4	Cpsf1
Q9EPV8	Ubl5
Q9EPW0	Inpp4a
Q9EQ00	Ropn1l
Q9EQ06	Hsd17b11
Q9EQ20	Aldh6a1
Q9EQ32	Pik3ap1
Q9EQ61	Pes1
Q9EQ80	Nif3l1
Q9EQC1	Hsd3b7
Q9EQC5	Scyl1
Q9EQF2	Kel
Q9EQF6	Dpysl5
Q9EQG3	Scel
Q9EQG7	Enpp5
Q9EQG9	Col4a3bp
Q9EQH2	Erap1
Q9EQH3	Vps35
Q9EQH4	Taf8
Q9EQI8	Mrpl46
Q9EQJ0	Tpcn1
Q9EQJ9	Magi3
Q9EQK5	Mvp
Q9EQK7	Icmt
Q9EQN3	Tsc22d4
Q9EQP2	Ehd4
Q9EQP6	Arr3
Q9EQQ2	Yipf5
Q9EQQ9	Mgea5
Q9EQS3	Mycbp
Q9EQU3	Tlr9
Q9EQU5	Set
Q9EQW7	Kif13a
Q9EQX4	Aif1l
Q9EQZ6	Rapgef4
Q9ER00	Stx12
Q9ER38	Tor3a
Q9ER39	Tor1a
Q9ER41	Tor1b
Q9ER58	Spock2
Q9ER64	Osbpl5
Q9ER69	Wtap
Q9ER71	Rhoj
Q9ER72	Cars
Q9ER80	Rtp4
Q9ER88	Dap3
Q9ERA0	Tfcp2
Q9ERA6	Tfip11
Q9ERB0	Snap29
Q9ERD7	Tubb3
Q9ERD8	Parvg
Q9ERE3	Sgk3
Q9ERE7	Mesdc2
Q9ERE8	Mesdc1
Q9ERF3	Wdr61
Q9ERG0	Lima1
Q9ERG2	Strn3
Q9ERI2	Rab27a
Q9ERI5	Jmjd6
Q9ERI6	Rdh14
Q9ERK4	Cse1l
Q9ERL7	Gmfg
Q9ERL9	Gucy1a3
Q9ERN0	Scamp2
Q9ERR7	Sep15
Q9ERS2	Ndufa13
Q9ERS5	Plekha2
Q9ERU3	Znf22
Q9ERU9	Ranbp2
Q9ERV1	Mkrn2
Q9ERY9	ORF11
Q9ES00	Ube4b
Q9ES28	Arhgef7
Q9ES34	Ube3b
Q9ES46	Parvb
Q9ES52	Inpp5d
Q9ES56	Trappc4
Q9ES74	Nek7
Q9ES89	Extl2
Q9ES97	Rtn3
Q9ESB3	Hrg
Q9ESD6	Cmtm7
Q9ESD7	Dysf
Q9ESE1	Lrba
Q9ESG6	P2ry14
Q9ESJ0	Xpo4
Q9ESJ4	Nckipsd
Q9ESK9	Rb1cc1
Q9ESL4	Zak
Q9ESP1	Sdf2l1
Q9EST3	Eif4enif1
Q9EST4	Psmg2
Q9EST5	Anp32b
Q9ESU6	Brd4
Q9ESV0	Ddx24
Q9ESW4	Agk
Q9ESX4	Zcchc17
Q9ESX5	Dkc1
Q9ESY9	Ifi30
Q9ESZ8	Gtf2i
Q9ET01	Pygl
Q9ET22	Dpp7
Q9ET26	Rnf114
Q9ET30	Tm9sf3
Q9ET54	Palld
Q9ET78	Jph2
Q9JHC0	Gpx2
Q9JHE7	Tssc4
Q9JHG6	Rcan1
Q9JHG7	Pik3cg
Q9JHH6	Cpb2
Q9JHH9	Copz2
Q9JHI0	Mmp19
Q9JHI5	Ivd
Q9JHI7	Exosc9
Q9JHI8	Nox4
Q9JHJ0	Tmod3
Q9JHJ3	
Q9JHJ8	Icoslg
Q9JHK4	Rabggta
Q9JHK5	Plek
Q9JHL1	Slc9a3r2
Q9JHN8	Stk19
Q9JHP7	Kdelc1
Q9JHQ0	Anxa9
Q9JHQ5	Lztfl1
Q9JHR7	Ide
Q9JHS3	Lamtor2
Q9JHS4	Clpx
Q9JHS9	Cwc15
Q9JHU2	Palmd
Q9JHU4	Dync1h1
Q9JHU9	Isyna1
Q9JHW2	Nit2
Q9JHW4	Eefsec
Q9JI08	Bin3
Q9JI10	Stk3
Q9JI11	Stk4
Q9JI13	Utp3
Q9JI19	Fibp
Q9JI33	Ntn4
Q9JI39	Abcb10
Q9JI44	Dmap1
Q9JI46	Nudt3
Q9JI59	Jam2
Q9JI75	Nqo2
Q9JI78	Ngly1
Q9JI90	Rnf14
Q9JI91	Actn2
Q9JI99	Sgpp1
Q9JIA7	Sphk2
Q9JIF0	Prmt1
Q9JIF7	Copb1
Q9JIG7	Ccdc22
Q9JIG8	Praf2
Q9JIH2	Nup50
Q9JII5	Dazap1
Q9JII6	Akr1a1
Q9JIK5	Ddx21
Q9JIK9	Mrps34
Q9JIM1	Slc29a1
Q9JIP6	Fzd2
Q9JIQ3	Diablo
Q9JIQ8	Tmprss2
Q9JIS8	Slc12a4
Q9JIW9	Ralb
Q9JIX0	Eny2
Q9JIX8	Acin1
Q9JIY0	Plekho1
Q9JIY2	Cbll1
Q9JIY5	Htra2
Q9JIZ9	Plscr3
Q9JJ00	Plscr1
Q9JJ04	B4galt4
Q9JJ06	C1galt1
Q9JJ28	Flii
Q9JJ80	Rpf2
Q9JJA2	Cog8
Q9JJA4	Wdr12
Q9JJA7	Ccnl2
Q9JJA9	Grasp
Q9JJC6	Rilpl1
Q9JJD0	Thap11
Q9JJE7	Fads3
Q9JJF9	Sppl2a
Q9JJG0	Tacc2
Q9JJH1	Rnase4
Q9JJH7	Trpm5
Q9JJI8	Rpl38
Q9JJK2	Lancl2
Q9JJK5	Herpud1
Q9JJL8	Sars2
Q9JJN5	Cpn1
Q9JJQ0	Pigb
Q9JJR8	Tmem9b
Q9JJS0	Scube2
Q9JJT0	Rcl1
Q9JJT9	Phax
Q9JJU8	Sh3bgrl
Q9JJV2	Pfn2
Q9JJW0	Pxmp4
Q9JJW5	Myoz2
Q9JJX6	P2rx4
Q9JJY4	Ddx20
Q9JJZ2	Tuba8
Q9JJZ4	Ube2j1
Q9JJZ6	Klf13
Q9JK23	Psmg1
Q9JK24	Ppp2r3c
Q9JK38	Gnpnat1
Q9JK42	Pdk2
Q9JK48	Sh3glb1
Q9JK53	Prelp
Q9JK81	Myg1
Q9JK83	Pard6b
Q9JK92	Hspb8
Q9JKB1	Uchl3
Q9JKB3	Ybx3
Q9JKC8	Ap3m1
Q9JKF1	Iqgap1
Q9JKF4	Clec6a
Q9JKF6	Pvrl1
Q9JKF7	Mrpl39
Q9JKJ9	Cyp39a1
Q9JKK1	Stx6
Q9JKK7	Tmod2
Q9JKN1	Slc30a7
Q9JKN6	Nova1
Q9JKP5	Mbnl1
Q9JKR6	Hyou1
Q9JKS4	Ldb3
Q9JKV1	Adrm1
Q9JKV5	Scamp4
Q9JKW0	Arl6ip1
Q9JKX4	Aatf
Q9JKX6	Nudt5
Q9JKY0	Rqcd1
Q9JKY5	Hip1r
Q9JL06	Lpar2
Q9JL15	Lgals8
Q9JL16	Isg20
Q9JL26	Fmnl1
Q9JL56	Gde1
Q9JL62	Gltp
Q9JL99	Clec1b
Q9JLB0	Mpp6
Q9JLB2	Mpp5
Q9JLB9	Pvrl3
Q9JLF6	Tgm1
Q9JLI6	Scly
Q9JLI7	Spag6
Q9JLI8	Sart3
Q9JLJ1	Selk
Q9JLJ2	Aldh9a1
Q9JLM4	Zmym3
Q9JLM8	Dclk1
Q9JLM9	Grb14
Q9JLN9	Mtor
Q9JLQ0	Cd2ap
Q9JLQ2	Git2
Q9JLT4	Txnrd2
Q9JLV1	Bag3
Q9JLV5	Cul3
Q9JLV6	Pnkp
Q9JLY7	Dusp14
Q9JLZ3	Auh
Q9JLZ8	Sigirr
Q9JM13	Rabgef1
Q9JM14	Nt5c
Q9JM52	Mink1
Q9JM58	Crlf1
Q9JM62	Reep6
Q9JM76	Arpc3
Q9JM90	Stap1
Q9JM96	Cdc42ep4
Q9JMA1	Usp14
Q9JMA2	Qtrt1
Q9JMA9	Slc6a14
Q9JMB0	Gkap1
Q9JMC3	Dnaja4
Q9JMC8	Epb41l4b
Q9JMD0	Znf207
Q9JMD3	Stard10
Q9JME7	Trappc2l
Q9JMF7	Dolpp1
Q9JMG1	Edf1
Q9JMG2	C1galt1c1
Q9JMG3	Tmub1
Q9JMG7	Hdgfrp3
Q9JMH6	Txnrd1
Q9JMH9	Myo18a
Q9JMK2	Csnk1e
Q9QUG3	Prnd
Q9QUG9	Rasgrp2
Q9QUH0	Glrx
Q9QUI0	Rhoa
Q9QUI1	Fam89b
Q9QUJ7	Acsl4
Q9QUK4	Naip2
Q9QUM0	Itga2b
Q9QUM9	Psma6
Q9QUN7	Tlr2
Q9QUN9	Dkk3
Q9QUP5	Hapln1
Q9QUR6	Prep
Q9QUR7	Pin1
Q9QUR8	Sema7a
Q9QUS6	Mid2
Q9QVP4	Myl7
Q9QVP9	Ptk2b
Q9QWH1	Phc2
Q9QWK4	Cd5l
Q9QWR8	Naga
Q9QWV4	Mlf1
Q9QWV9	Ccnt1
Q9QWY8	Asap1
Q9QX11	Cyth1
Q9QX15	Clca1
Q9QX47	Son
Q9QX60	Dguok
Q9QXA1	Cyhr1
Q9QXA5	Lsm4
Q9QXB9	Drg2
Q9QXC1	Fetub
Q9QXD8	Limd1
Q9QXE0	Hacl1
Q9QXE7	Tbl1x
Q9QXG2	Chm
Q9QXG4	Acss2
Q9QXH4	Itgax
Q9QXJ1	Apbb1
Q9QXK3	Copg2
Q9QXK7	Cpsf3
Q9QXL1	Kif21b
Q9QXL2	Kif21a
Q9QXL8	Nme7
Q9QXM0	Abhd2
Q9QXN0	Shroom3
Q9QXN3	Trip4
Q9QXQ1	Pde7b
Q9QXS1	Plec
Q9QXS6	Dbn1
Q9QXT0	Cnpy2
Q9QXV3	Ing1
Q9QXW4	Fscn3
Q9QXX4	Slc25a13
Q9QXY1	Tjp3
Q9QXY6	Ehd3
Q9QXY9	Pex3
Q9QXZ0	Macf1
Q9QY06	Myo9b
Q9QY23	Pkp3
Q9QY24	Zbp1
Q9QY30	Abcb11
Q9QY36	Naa10
Q9QY73	Tmem59
Q9QY76	Vapb
Q9QY81	Nup210
Q9QY93	Dctpp1
Q9QYA2	Tomm40
Q9QYB1	Clic4
Q9QYB2	Dach1
Q9QYB5	Add3
Q9QYC0	Add1
Q9QYC7	Ggcx
Q9QYE6	Golga5
Q9QYF1	Rdh11
Q9QYF9	Ndrg3
Q9QYG0	Ndrg2
Q9QYH6	Maged1
Q9QYI3	Dnajc7
Q9QYI5	Dnajb2
Q9QYJ0	Dnaja2
Q9QYJ3	Dnajb1
Q9QYR9	Acot2
Q9QYS9	Qki
Q9QYT7	Pigq
Q9QYY0	Gab1
Q9QYY8	Spast
Q9QZ03	Slc39a1
Q9QZ05	Eif2ak4
Q9QZ06	Tollip
Q9QZ08	Nagk
Q9QZ23	Nfu1
Q9QZ25	Vnn3
Q9QZ73	Dcun1d1
Q9QZ85	Iigp1
Q9QZ88	Vps29
Q9QZA0	Ca5b
Q9QZB7	Actr10
Q9QZB9	Dctn5
Q9QZC2	Plxnc1
Q9QZD4	Ercc4
Q9QZD8	Slc25a10
Q9QZD9	Eif3i
Q9QZE5	Copg1
Q9QZE7	Tsnax
Q9QZF2	Gpc1
Q9QZH3	Ppie
Q9QZI8	Serinc1
Q9QZI9	Serinc3
Q9QZJ6	Mfap5
Q9QZK2	Bcar3
Q9QZL0	Ripk3
Q9QZM0	Ubqln2
Q9QZN4	Fbxo6
Q9QZQ1	Mllt4
Q9QZQ8	H2afy
Q9QZR0	Rnf25
Q9QZR9	Col4a4
Q9QZS0	Col4a3
Q9QZS3	Numb
Q9QZS8	Sh2d3c
Q9QZU9	Ube2l6
Q9QZV9	Nxt1
Q9QZW0	Atp11c
Q9QZZ6	Dpt
Q9R008	Mvk
Q9R013	Ctsf
Q9R020	Zranb2
Q9R045	Angptl2
Q9R049	Amfr
Q9R059	Fhl3
Q9R060	Nubp1
Q9R061	Nubp2
Q9R062	Gyg1
Q9R069	Bcam
Q9R078	Prkab1
Q9R088	Tk2
Q9R097	Spint1
Q9R098	Hgfac
Q9R099	Tbl2
Q9R0A0	Pex14
Q9R0A5	Nek3
Q9R0B6	Lamc3
Q9R0B9	Plod2
Q9R0C8	Vav3
Q9R0D8	Wdr54
Q9R0E1	Plod3
Q9R0E2	Plod1
Q9R0G7	Zeb2
Q9R0H0	Acox1
Q9R0H2	Emcn
Q9R0I7	Ylpm1
Q9R0L6	Pcm1
Q9R0L7	Akap8l
Q9R0M4	Podxl
Q9R0M5	Tpk1
Q9R0M6	Rab9a
Q9R0M8	Slc35a2
Q9R0N0	Galk1
Q9R0P3	Esd
Q9R0P4	Smap
Q9R0P5	Dstn
Q9R0P6	Sec11a
Q9R0P9	Uchl1
Q9R0Q1	Sytl4
Q9R0Q3	Tmed2
Q9R0Q6	Arpc1a
Q9R0Q7	Ptges3
Q9R0U0	Srsf10
Q9R0X0	Med20
Q9R0X4	Acot9
Q9R0Y5	Ak1
Q9R0Z9	Dlc1
Q9R100	Cdh17
Q9R111	Gda
Q9R112	Sqrdl
Q9R117	Tyk2
Q9R118	Htra1
Q9R144	Prmt2
Q9R155	Slc26a4
Q9R190	Mta2
Q9R1A8	Rfwd2
Q9R1C6	Dgke
Q9R1C7	Prpf40a
Q9R1E6	Enpp2
Q9R1J0	Nsdhl
Q9R1K9	Cetn2
Q9R1P0	Psma4
Q9R1P1	Psmb3
Q9R1P3	Psmb2
Q9R1P4	Psma1
Q9R1Q7	Plp2
Q9R1Q9	Atp6ap1
Q9R1R2	Trim3
Q9R1S0	B9d1
Q9R1S3	Pign
Q9R1S8	Capn7
Q9R1T2	Sae1
Q9R1T4	Sept6
Q9R1W5	Calcrl
Q9R1X5	Abcc5
Q9R1Z7	Pts
Q9R1Z8	Sorbs3
Q9R207	Nbn
Q9R210	Tfeb
Q9R226	Khdrbs3
Q9R233	Tapbp
Q9R257	Hebp1
Q9R269	Ppl
Q9WTI7	Myo1c
Q9WTK3	Gpaa1
Q9WTK5	Nfkb2
Q9WTK7	Stk11
Q9WTL2	Rab25
Q9WTL7	Lypla2
Q9WTL8	Arntl
Q9WTM5	Ruvbl2
Q9WTN0	Ggps1
Q9WTP6	Ak2
Q9WTP7	Ak3
Q9WTQ5	Akap12
Q9WTQ8	Timm23
Q9WTR1	Trpv2
Q9WTR5	Cdh13
Q9WTS2	Fut8
Q9WTU0	Phf2
Q9WTU6	Mapk9
Q9WTX2	Prkra
Q9WTX5	Skp1
Q9WTX6	Cul1
Q9WTX8	Mad1l1
Q9WTY4	Aqp5
Q9WU00	Nrf1
Q9WU03	Spint2
Q9WU20	Mthfr
Q9WU28	Pfdn5
Q9WU38	Scnn1b
Q9WU40	Lemd3
Q9WU42	Ncor2
Q9WU56	Pus1
Q9WU60	Atrn
Q9WU67	Ly6i
Q9WU78	Pdcd6ip
Q9WU79	Prodh
Q9WU84	Ccs
Q9WUA2	Farsb
Q9WUA3	Pfkp
Q9WUA6	Akt3
Q9WUB0	Rbck1
Q9WUB3	Pygm
Q9WUB4	Dctn6
Q9WUD1	Stub1
Q9WUE4	Nprl2
Q9WUH1	Tmem115
Q9WUI1	Mapk11
Q9WUK2	Eif4h
Q9WUK4	Rfc2
Q9WUL7	Arl3
Q9WUM3	Coro1b
Q9WUM4	Coro1c
Q9WUM5	Suclg1
Q9WUN2	Tbk1
Q9WUP0	Ramp2
Q9WUP4	Srd5a3
Q9WUP7	Uchl5
Q9WUQ2	Preb
Q9WUR2	Eci2
Q9WUR9	Ak4
Q9WUU7	Ctsz
Q9WUU9	Mcm3ap
Q9WUX5	Mrvi1
Q9WUZ9	Entpd5
Q9WV02	Rbmx
Q9WV03	Fam50a
Q9WV32	Arpc1b
Q9WV34	Mpp2
Q9WV35	Apobec2
Q9WV54	Asah1
Q9WV55	Vapa
Q9WV60	Gsk3b
Q9WV68	Decr2
Q9WV69	Dmtn
Q9WV70	Noc2l
Q9WV80	Snx1
Q9WV85	Nme3
Q9WV91	Ptgfrn
Q9WV92	Epb41l3
Q9WV96	Timm10b
Q9WV98	Timm9
Q9WVA2	Timm8a1
Q9WVA3	Bub3
Q9WVA4	Tagln2
Q9WVB0	Rbpms
Q9WVB4	Slit3
Q9WVC3	Cav2
Q9WVE8	Pacsin2
Q9WVG6	Carm1
Q9WVG9	Msl3
Q9WVH4	Foxo3
Q9WVH9	Fbln5
Q9WVJ2	Psmd13
Q9WVJ3	Cpq
Q9WVJ9	Efemp2
Q9WVK0	Agtrap
Q9WVK4	Ehd1
Q9WVL0	Gstz1
Q9WVL2	Stat2
Q9WVL3	Slc12a7
Q9WVL6	Extl3
Q9WVL7	Cxcl15
Q9WVP1	Ap1m2
Q9WVQ5	Apip
Q9WVR4	Fxr2
Q9WVS7	Map2k5
Q9WVT6	Ca14
Q9Z0E0	Ncdn
Q9Z0E6	Gbp2
Q9Z0E8	Slc22a5
Q9Z0F4	Cib1
Q9Z0F7	Sncg
Q9Z0F8	Adam17
Q9Z0G0	Gipc1
Q9Z0G9	Cldn3
Q9Z0H1	Wdr46
Q9Z0H3	Smarcb1
Q9Z0H4	Celf2
Q9Z0H7	Bcl10
Q9Z0H8	Clip2
Q9Z0J0	Npc2
Q9Z0J1	Reck
Q9Z0K8	Vnn1
Q9Z0L8	Ggh
Q9Z0M5	Lipa
Q9Z0M6	Cd97
Q9Z0N1	Eif2s3x
Q9Z0N2	Eif2s3y
Q9Z0P4	Palm
Q9Z0P5	Twf2
Q9Z0P7	Sufu
Q9Z0R6	Itsn2
Q9Z0S1	Bpnt1
Q9Z0T9	Itgb6
Q9Z0U1	Tjp2
Q9Z0U9	S1pr3
Q9Z0V7	Timm17b
Q9Z0W3	Nup160
Q9Z0X1	Aifm1
Q9Z0X4	Pde3a
Q9Z0Y1	Dctn3
Q9Z0Z4	Heph
Q9Z100	Cpxm1
Q9Z103	Adnp
Q9Z108	Stau1
Q9Z110	Aldh18a1
Q9Z126	Pf4
Q9Z127	Slc7a5
Q9Z130	Hnrnpdl
Q9Z138	Ror2
Q9Z148	Ehmt2
Q9Z160	Cog1
Q9Z175	Loxl3
Q9Z183	Padi4
Q9Z1B3	Plcb1
Q9Z1B5	Mad2l1
Q9Z1B8	Phf1
Q9Z1D1	Eif3g
Q9Z1E3	Nfkbia
Q9Z1E4	Gys1
Q9Z1F9	Uba2
Q9Z1G3	Atp6v1c1
Q9Z1G4	Atp6v0a1
Q9Z1J3	Nfs1
Q9Z1K5	Arih1
Q9Z1K6	Arih2
Q9Z1M0	P2rx7
Q9Z1M4	Rps6kb2
Q9Z1M8	Ik
Q9Z1N5	Ddx39b
Q9Z1N9	Unc13b
Q9Z1P6	Ndufa7
Q9Z1P7	Kank3
Q9Z1Q2	Abhd16a
Q9Z1Q5	Clic1
Q9Z1Q9	Vars
Q9Z1R2	Bag6
Q9Z1R3	Apom
Q9Z1R4	D17h6s53e
Q9Z1S5	Sept3
Q9Z1S8	Gab2
Q9Z1T1	Ap3b1
Q9Z1T6	Pikfyve
Q9Z1W9	Stk39
Q9Z1X2	Ptdss2
Q9Z1X4	Ilf3
Q9Z1Y4	Trip6
Q9Z1Z0	Uso1
Q9Z1Z2	Strap
Q9Z204	Hnrnpc
Q9Z210	Pex11b
Q9Z211	Pex11a
Q9Z224	Mocs2
Q9Z239	Fxyd1
Q9Z247	Fkbp9
Q9Z266	Snapin
Q9Z277	Baz1b
Q9Z280	Pld1
Q9Z2A0	Pdpk1
Q9Z2A5	Ate1
Q9Z2A7	Dgat1
Q9Z2A9	Ggt5
Q9Z2B9	Rps6ka4
Q9Z2C4	Mtmr1
Q9Z2C5	Mtm1
Q9Z2C6	Upk1b
Q9Z2D0	Mtmr9
Q9Z2D1	Mtmr2
Q9Z2D6	Mecp2
Q9Z2D8	Mbd3
Q9Z2E1	Mbd2
Q9Z2E2	Mbd1
Q9Z2F2	Oasl2
Q9Z2F7	Bnip3l
Q9Z2G0	Fem1b
Q9Z2G6	Sel1l
Q9Z2G9	Htatip2
Q9Z2H5	Epb41l1
Q9Z2H7	Gipc2
Q9Z2I0	Letm1
Q9Z2I8	Suclg2
Q9Z2I9	Sucla2
Q9Z2J0	Slc23a1
Q9Z2L6	Minpp1
Q9Z2L7	Crlf3
Q9Z2M6	Ubl3
Q9Z2M7	Pmm2
Q9Z2N8	Actl6a
Q9Z2P8	Vamp5
Q9Z2Q5	Mrpl40
Q9Z2Q6	Sept5
Q9Z2S7	Tsc22d3
Q9Z2U0	Psma7
Q9Z2U1	Psma5
Q9Z2V5	Hdac6
Q9Z2V6	Hdac5
Q9Z2W0	Dnpep
Q9Z2W1	Stk25
Q9Z2X1	Hnrnpf
Q9Z2X2	Psmd10
Q9Z2X8	Keap1
Q9Z2Y3	Homer1
Q9Z2Y8	Prosc
Q9Z2Z6	Slc25a20
Q9Z2Z9	Gfpt2
Q9Z315	Sart1
Q9Z321	Top3b
Q9Z329	Itpr2
S4R1M9	Osbpl10
V9GXG1	Slfn14
